"TmdbId","Servie Type","Season Number","Id","Overview","Name","Episode Count","Poster Path"
"65930","tv","3","100397","","Season 3","25","/1VVJgXpSDI2uMHnlzI9Eg0zF7pw.jpg"
"77939","tv","1","100653","","Season 1","13","/mfXCEFdiMMWEUCGcCbdEo7bfhKK.jpg"
"78102","tv","1","100942","","Season 1","23","/lmx0rW83DCh60ARiZqM6DY2XJhB.jpg"
"79141","tv","1","103085","","Season 1","10","/wEnAlqfJSY0W1Yf9rZh0rTMj2vs.jpg"
"79166","tv","1","103142","","Season 1","12","/nddhOysUifZrvkk5NmnA69lnY1N.jpg"
"66788","tv","2","103197","Memories of Hannah haunt Clay as a lawsuit against the school goes to trial, and more startling secrets emerge as the students testify.","Season 2","13","/rNBlSSSpKdHntdZJJJ5cSAKfWhv.jpg"
"79352","tv","1","103461","A link in their pasts leads an honest cop to a fugitive gang boss, whose cryptic warning spurs the officer on a quest to save Mumbai from cataclysm.","Season 1","8","/mVQ6JFJCAMRLKvsMZdiEeYXC6cp.jpg"
"79696","tv","1","104038","When Montego Air Flight 828 landed safely after a turbulent but routine flight, the crew and passengers were relieved. Yet in the span of those few hours, the world had aged five years, and their friends, families, and colleagues, after mourning their loss, had given up hope and moved on.","Season 1","16","/z2Kno6wvhjfsKggT49NVF9eKFyY.jpg"
"60735","tv","5","104777","Barry Allen and his new wife, Iris West, finally settling into married life when they're visited by Nora West-Allen, their speedster daughter from the future. Nora's arrival brings to light the legacy every member of Team Flash will leave years from now, causing many to question who they are today. And while Nora idolizes Barry, she holds a mysterious grudge against Iris. As Team Flash adjusts to the next generation of speedster, they discover Nora's presence has triggered the arrival of the most ruthless, vicious and relentless villain they have ever faced: Cicada!","Season 5","22","/z3CqL2vnjgLuefOiR5AYD9Tf91S.jpg"
"80020","tv","1","104782","","Prison Planet Arc","6","/cD7w9sjCJD3YWO6pIPzlvPLk8MZ.jpg"
"81046","tv","1","106713","An extraordinary discovery inspires two human princes and an elven assassin to team up on an epic quest to bring peace to their warring lands.","Book 1: Moon","9","/n9KLxz71vzffsEfOQ6mvltGp50v.jpg"
"61374","tv","4","106990","","Tokyo Ghoul:re (2nd season)","12","/wCn96kKQBRQhImMorf3napmCjfM.jpg"
"1399","tv","8","107971","The Great War has come, the Wall has fallen and the Night King's army of the dead marches towards Westeros. The end is here, but who will take the Iron Throne?","Season 8","6","/3OcQhbrecf4F4pYss2gSirTGPvD.jpg"
"79352","tv","2","109736","As Mumbai’s fate hangs in the balance, Sartaj Singh chases a connection to Ganesh Gaitonde’s third father, an enigmatic guru with a catastrophic plan.","Season 2","8","/5Bs2SBg97gaqoYH2c9zRNOEctaz.jpg"
"1434","tv","17","109932","","Season 17","20","/hthav9CjLUPU4r6XJbV39o0l6Mf.jpg"
"456","tv","30","110088","","Season 30","23","/2uCMfNKU5jQiWV2Js519Eg4lUqQ.jpg"
"82696","tv","1","110093","","Season 1","5","/kbXAKBYR5ui7eDgJz3kxCF9Ddkn.jpg"
"83097","tv","1","110816","As much as the children love her, she is not their mother. Although they live together, they are not related either.

Grace Field House is where children without parents are taken in. An irreplaceable home for the 38 children that all live happily every day, even if they were strangers at first.

Until suddenly, their lives are completely changed forever… The happy days at Grace Field House ended abruptly.

In truth, their home is a farm, and the children are just human meat, food for the demons. Meanwhile, the Mom they love is a watchdog.

“I don’t want any more of my family to die!”

With that one wish, Emma and the other children begin to gradually uncover the truths behind their lives. It’s demon versus children, with the children attempting to escape their destiny.","Season 1","12","/cu3vagd4fNLB4wWYhLU18TjSasD.jpg"
"84105","tv","1","112728","","Season 1","9","/7ix8lfyJWL9H14NmRovMFoaN02u.jpg"
"84150","tv","1","112828","","Season 1","5","/txbrNZHFCW9GBfINRfhjAMOIgRQ.jpg"
"84454","tv","1","113382","Veer and Sameera are strangers with opposite personalities. Their hearts were left broken and damaged after they lost their love, which they thought would last forever. Broken is a story about the love that heals the heart and not breaks it. When love gives two heartbroken people a second chance, a beautiful love story begins.","Season 1","11","/1dNr2Olwz5AsfcDb1QhGRWLiwgz.jpg"
"84958","tv","1","114355","Loki, the God of Mischief, steps out of his brother's shadow to embark on an adventure that takes place after the events of ""Avengers: Endgame.""","Season 1","6","/8uVqe9ThcuYVNdh4O0kuijIWMLL.jpg"
"85271","tv","1","114993","","Miniseries","9","/glKDfE6btIRcVB5zrjspRIs4r52.jpg"
"66732","tv","3","115216","Budding romance. A brand-new mall. And rabid rats running toward danger. It's the summer of 1985 in Hawkins ... and one summer can change everything.","Stranger Things 3","8","/x2LSRK2Cm7MZhjluni1msVJ3wDF.jpg"
"81046","tv","2","116282","Rayla and the princes hurry toward Xadia with their precious cargo. But Claudia and Soren are close behind -- and determined to stop them.","Book 2: Sky","9","/lCT8NaHqN9Bop1yvLvZBzzsrpip.jpg"
"63926","tv","2","116885","An increase in villain activity has the Hero Organization worried that the ""Earthdoom prophecy"" will soon come to pass. In an effort to alleviate the overworked heroes, they turn to villains themselves for help. The decision looks ill-advised as at least one villain is more interested in helping the prophecy along than preventing it.","Season 2","12","/kjTzqlxR3bFtdgMuGtytj8MMtv7.jpg"
"87030","tv","1","119271","","Season 1","5","/15hYTKzq3NZsT5wXwznTmlQJfFK.jpg"
"60863","tv","4","120031","After their triumphant victory over Shiratorizawa Academy, the Karasuno High School volleyball team has earned their long-awaited ticket to nationals. As preparations begin, genius setter Tobio Kageyama is invited to the All-Japan Youth Training Camp to play alongside fellow nationally recognized players. Meanwhile, Kei Tsukishima is invited to a special rookie training camp for first-years within the Miyagi Prefecture. Not receiving any invitations himself, the enthusiastic Shouyou Hinata feels left behind.

However, Hinata does not back down. Transforming his frustration into self-motivation, he boldly decides to sneak himself into the same rookie training camp as Tsukishima. Even though Hinata only lands himself a job as the ball boy, he comes to see this as a golden opportunity. He begins to not only reflect on his skills as a volleyball player but also analyze the plethora of information available on the court and how he can apply it.","Haikyu!! To the Top","25","/cnLwUUydZ8tpSXlc0MJmqdbWT5O.jpg"
"68421","tv","2","120972","When a job brings Takeshi Kovacs back to Harlan's World in a new sleeve, he finds the planet at war — and his long-lost love lurking in the shadows.","Season 2","8","/95IsiH4p5937YXQHaOS2W2dWYOG.jpg"
"69710","tv","2","122107","","Season 2","5","/8552zzMc2NLjk8tXwwxLbiVqBCb.jpg"
"71446","tv","2","122186","The Professor and his team reunite to free Rio, this time targeting the Bank of Spain with a daring and dangerous new plan. The Resistance continues.","Season 2","16","/65f9SDRqooLZEnaC629TnDDiGzb.jpg"
"88803","tv","1","123005","Thorfinn pursues a journey with his father's killer in order to take revenge and end his life in a duel as an honorable warrior and pay his father a homage.","Season 1","24","/9WZwylQ4VuLXaN45bMtxnztItUa.jpg"
"75865","tv","2","123006","","Season 2","12","/eQ2KwUOMiGLH7QcXqi8qGReR8VM.jpg"
"89113","tv","1","123738","In a city of coaching centers known to train India’s finest collegiate minds, an earnest but unexceptional student and his friends navigate campus life.","Season 1","5","/uaJxNCYUMCj7DnjEoggJi4cAM3n.jpg"
"70523","tv","2","124476","","Season 2","8","/anTJrTKvQ6AlP9ceX5sYqVf61c1.jpg"
"66788","tv","3","124640","Months after the Spring Fling, Liberty High is hit with a new shock when Bryce Walker is murdered the night of homecoming ... and everyone is a suspect.","Season 3","13","/nel144y4dIOdFFid6twN5mAX9Yd.jpg"
"65930","tv","4","125861","","Season 4","25","/YCI5ADVr0JBboX0V3C3apAOtNH.jpg"
"60735","tv","6","126171","When Barry and Iris deal with loss of their daughter, the team faces their greatest threat yet - one that threatens to destroy all of Central City; Killer Frost has a brush with death that will change her relationship with Caitlin. Faced with the news of his impending death, Barry's resiliency suffers as he struggles to fight fate.","Season 6","19","/qDntRDRs5XohN4ClcV2SH9WlzpI.jpg"
"1429","tv","4","126952","The truth revealed through the memories of Grisha's journals shakes all of Eren's deepest beliefs. There is no rugged but free land beyond the walls. There is a whole other world, equally full of oppression and war. Suddenly, the ambitions that have animated the Survey Corps for generations seem small and naive. What is there left to fight for?","The Final Season","28","/iUsrnXfubNwhM8FRNEmzXmLfxB2.jpg"
"84105","tv","2","127240","","Season 2","10","/p0qM8hhlMF5DuxHBzl2EZR6TehX.jpg"
"60625","tv","4","128112","Everything and nothing makes sense when bizarre genius Rick and his grandson Morty take more interdimensional journeys that bend time and space.","Season 4","10","/87abbwoOfm5MMCWoFewN8pNGZxW.jpg"
"83097","tv","2","130272","Freedom is beautiful, but brutal.

Fifteen children escape Grace Field House, a false paradise, hoping for a chance at freedom. Instead, they encounter plants and animals they have never before seen, and are chased by demons. The outside world is so beautiful, and yet is almost too cruel to face.

Even so, the children refuse to give up. They are guided in their search for better lives only by a message from Minerva and a pen Norman left behind in order to fulfill their promise to return to the House to save those of their family who are still trapped within.","Season 2","11","/9PVE967tGY4cHvVtLJshY1fu2GL.jpg"
"456","tv","31","131143","","Season 31","22","/1y2zzQhnAuFpRNovNMHWlubOaxw.jpg"
"1434","tv","18","131144","","Season 18","20","/ntvjuKIBibB5OcTzQguu5gfy91k.jpg"
"93352","tv","1","131882","","Season 1","10","/ArZia3RQFa3SrLYXNGdtcyUzldw.jpg"
"93405","tv","1","131977","","Season 1","9","/jlbrV1Kl4Y8pWXu12SppebRs7On.jpg"
"43865","tv","3","132339","","Season 3","8","/v26gMo23QOXVZ2v4LoxzxSFf64k.jpg"
"81046","tv","3","133732","As Callum and Rayla cross into the magical realm of Xadia, Ezran returns to Katolis as king and faces pressure from all sides.","Book 3: Sun","9","/2qyD9PHBpKqbDarz8ZJi1u9WF3v.jpg"
"94605","tv","1","134187","","Season 1","9","/mOUV08EAZ86mXvN8fNUowYAnmLy.jpg"
"91363","tv","1","134723","","Season 1","9","/lztz5XBMG1x6Y5ubz7CxfPFsAcW.jpg"
"95479","tv","1","135856","","Season 1","47","/hFWP5HkbVEe40hrXgtCeQxoccHE.jpg"
"79141","tv","2","135999","While sharpening his skills at his day job, Seven confronts a new crop of assassins as his past threatens to cut short his attempts at a normal life.","Season 2","10","/4436CMAWojMWVQ3Ex4Njv3PGhS.jpg"
"95557","tv","1","136020","","Season 1","8","/yDWJYRAwMNKbIYT8ZB33qy84uzO.jpg"
"77939","tv","2","136148","","Nomad","13","/nJqB67lP40LIeqOgCH0HXoZmivm.jpg"
"79696","tv","2","137647","Faced with the impossible, the passengers have all been given a second chance. But as their new realities become clear, a deeper mystery unfolds, and some of the returned passengers soon realize they may be meant for something greater than they ever thought possible.","Season 2","13","/nbbH5JBRif77hOS98JcoeWCQZrD.jpg"
"96421","tv","1","138047","","Season 1","5","/jDt4wVvPzLtJoIMCCzHleVLlBbZ.jpg"
"84454","tv","2","138463","","Season 2","10","/qIEPJhBvEj1nplArruiPxCN2PNl.jpg"
"82696","tv","2","141036","","Season 2","5","/o7TcEwILMqjYxYBOapJOS3oYmS2.jpg"
"98575","tv","1","141887","The story revolves around two best friends, Tanie and Sumer, who meet after 5 long years of separation. A heart-warming story that redefines the rules of friendship.","Season 1","10","/xSkmHtzImYCanA0Ow3qeah2tH9P.jpg"
"4686","tv","1","14278","","Season 1","13","/1rvWJUH5cl4XkNWJq1Rz3mnH9H8.jpg"
"4686","tv","2","14279","","Season 2","13","/spkJbmONhP8z9r7xAuJ3SwsOHmS.jpg"
"4686","tv","4","14280","","Season 4","13","/wcx4mAXdKm9YkzqtWGqgEnLL9PA.jpg"
"4686","tv","3","14281","","Season 3","13","/pTDx63pEfTFC4T4sMNneSKkBLyi.jpg"
"80020","tv","2","144383","","Universal Conflict Arc","13","/5TS0pBmUiJo96zYQff4VQEsOz5P.jpg"
"80020","tv","3","144385","","Universe Creation Arc","11","/33DQIGHjQj5GM7Fb5q97xb6wXcL.jpg"
"100088","tv","1","144593","","Season 1","9","/pMfG5XIlmvCL9bQQiJKdTvmF2FW.jpg"
"65930","tv","5","149686","","Season 5","25","/uJz848GKjbSqjCkkF1J99HN9VaG.jpg"
"66788","tv","4","150611","Liberty High School’s senior class is preparing for graduation, but before they say goodbye, they’ll have to keep a dangerous secret buried and face heartbreaking choices that could impact their futures forever.","Season 4","10","/goaAdN1VifvVvVoQwidL7zrfKOp.jpg"
"70523","tv","3","151853","","Season 3","8","/5Dk9V5K7IlFQTTHbuc6KvKWLD55.jpg"
"105248","tv","1","154580","","Season 1","10","/9cuV3Ch1tLheGCHcYNowMyhmTt4.jpg"
"76479","tv","2","154681","The even more intense, more insane season two finds The Boys on the run from the law, hunted by the Supes, and desperately trying to regroup and fight back against Vought. In hiding, Hughie, Mother’s Milk, Frenchie and Kimiko try to adjust to a new normal, with Butcher nowhere to be found. Meanwhile, Starlight must navigate her place in The Seven as Homelander sets his sights on taking complete control. His power is threatened with the addition of Stormfront, a social media-savvy new Supe, who has an agenda of her own. On top of that, the Supervillain threat takes center stage and makes waves as Vought seeks to capitalize on the nation’s paranoia.","Season 2","8","/oFGMGn1ywvvYobxOcPKVytN3AQK.jpg"
"74866","tv","4","154878","","Season 4","13","/k2djPQmfQXt0PhnfPTQRPVa24rO.jpg"
"74866","tv","5","154879","","Season 5","13","/vnXZOHsn97Tv6pDEZkXD4vTjUfB.jpg"
"74866","tv","6","154880","","Season 6","13","/5KksBUoDQ5aeGPKzupxjMBxJDwU.jpg"
"74866","tv","7","154881","","Season 7","13","/93IP5hmiQ0WJxMW2Xtp1UwcuIq6.jpg"
"74866","tv","2","154882","","Season 2","13","/1zrGLf3BPeP7fNG98al60XHFSf3.jpg"
"88396","tv","1","156676","","Miniseries","6","/q9CZCF6pqJcco79qg7fLudqy8kj.jpg"
"456","tv","32","156684","","Season 32","22","/ifvEta1mmPGLu3E6lFnPSJAyBhh.jpg"
"60735","tv","7","159996","After a thrilling cliffhanger last season which saw Mirror Monarch victorious and still-at-large in Central City, The Flash must regroup in order to stop her and find a way to make contact with his missing wife, Iris West-Allen. With help from the rest of Team Flash, Barry will ultimately defeat Mirror Master. But in doing so, he’ll also unleash an even more powerful and devastating threat on Central City: one that threatens to tear his team—and his marriage—apart.","Season 7","18","/lJA2RCMfsWoskqlQhXPSLFQGXEJ.jpg"
"6040","tv","1","16113","","Season 1","13","/4hRKliNabiHz2EHM3LBkS3ulbSh.jpg"
"6040","tv","2","16114","","Season 2","13","/rWx2fRK6Yfx4KQxiI2x3vTBlLrw.jpg"
"6040","tv","3","16115","","Season 3","20","/2d5w9VSW9r4LPes6rZGUYmWpG0r.jpg"
"92783","tv","1","163259","","Miniseries","9","/41Iekrap0j80u808Z2004t88r6o.jpg"
"66732","tv","4","163313","Darkness returns to Hawkins just in time for spring break, igniting fresh terror, disturbing memories — and an ominous new threat.","Stranger Things 4","9","/zvGTZYDCoMSMIBkXExxRxLYimqN.jpg"
"1434","tv","19","164100","","Season 19","20","/ryTMELpfCvbfVPH2g8j8dyx9zLu.jpg"
"111188","tv","1","165090","","Season 1","10","/dFTuVCjMMLCZB8mobKSwu5KC2bq.jpg"
"79696","tv","3","167809","Over a year has passed since the miraculous homecoming of Flight 828 and the discovery of others who have mysteriously returned. While the Stone family endeavors to keep their friends safe and make their enemies believe the unbelievable, new challenges will test their trust of the callings and each other. But sticking together is more important than ever, because no matter what happens, it's all connected.","Season 3","13","/f8EoyfYQarWfXyttxccrf8eLorq.jpg"
"113367","tv","1","169272","","Season 1","10","/gHBtyMdHbWoM3tpM8VZymer8HfF.jpg"
"79141","tv","3","171752","After his departure from Chicken Island, Seven makes a few detours before winding up in Xuanwu, where there's a steep price on his head.","Season 3","10","/cfMzg4lwceIWVTTDmo0q1lEU2DP.jpg"
"93352","tv","2","177672","“Where is Srikant Tiwari”, is the question on everyone’s mind. The wait is finally over and Srikant is coming back. With a bigger and more dangerous nemesis this time, will he be able to save his nation and his family from the shadows of menace?","Season 2","9","/vRnGWc69F5MSAhILHFjCZKoVcpa.jpg"
"84150","tv","2","178848","","Season 2","5","/9uZltPzrfncpLHBHOitbfsOiOD7.jpg"
"119051","tv","1","182137","","Season 1","8","/ajACh2JtjPOS2jJFhuD30gI1o8a.jpg"
"119279","tv","1","182644","","Season 1","7","/szoC8f6wAXGmgn0aiSDroRx7Ngs.jpg"
"80020","tv","4","183467","","New Space-Time War Arc","8","/rGQop0Ftg1WGul5MHvPImBLAXEG.jpg"
"456","tv","33","184349","","Season 33","22","/tubgEpjTUA7t0kejVMBsNBZDarZ.jpg"
"120089","tv","1","184428","Master spy Twilight is the best at what he does when it comes to going undercover on dangerous missions in the name of a better world. But when he receives the ultimate impossible assignment—get married and have a kid—he may finally be in over his head! Not one to depend on others, Twilight has his work cut out for him procuring both a wife and a child for his mission to infiltrate an elite private school. What he doesn't know is that the wife he's chosen is an assassin and the child he's adopted is a telepath!","Season 1","25","/3r4LYFuXrg3G8fepysr4xSLWnQL.jpg"
"45997","tv","2","184638","","Season 2","24","/fWw7JTvrqsAj4yMZeYBedoqZgtB.jpg"
"60625","tv","5","188470","Hold onto your butts — it’s season five, baby! Rick, Morty and the fam are back with ten all-new episodes that consume unheld butts. Sex, romance, testicle monsters… a guy named Mr. Nimbus… It’s everything you want, get your butt ready!","Season 5","10","/8KdHdOAP8mM4TmykkXnpr6qkyUU.jpg"
"1434","tv","20","188886","","Season 20","20","/9RBeCo8QSaoJLmmuzlwzVH3Hi12.jpg"
"124411","tv","1","192702","","Season 1","5","/dHAxJpWuDyFzCRkbPJfWxfWdMBs.jpg"
"84454","tv","3","197301","Rumi and Agastya are two independent and strong people who are on their path to find true love. However, destiny has different plans for the couple. Every time Rumi and Agastya decide to give a chance to love, they are pulled apart. Will they ever come together? Why do they separate? Why doesn’t their love win?","Season 3","10","/kQJGDWelBzZXW8vS4Ax6i3nSnWI.jpg"
"60735","tv","8","199286","Six months after stopping the Godspeed War, Barry and Iris West-Allen are now at the top of their game—both in their careers as superhero and reporter and as a devoted couple. But when the powerful alien Despero unleashes near annihilation on Central City, The Flash and his team must once again defy impossible odds to save the day. But their victory is short-lived as two new threats rise from the ashes of ""Armageddon,"" one of which will unleash unforeseen horrors into the lives of Barry and his teammates... and change Team Flash forever.","Season 8","20","/q6XgTULESR0Aix6JHgCtUTQjNus.jpg"
"88803","tv","2","201464","As a new millennium dawns, Thorfinn struggles to find meaning in his life. Meanwhile, the new King of England seeks to expand his territory.","Season 2","24","/xbECOYxvv3f5BVVjQJ1sUAkxirt.jpg"
"96421","tv","2","201621","","Season 2","4","/rC14U6Q52O2vMD6CLczPpvG4ooJ.jpg"
"71446","tv","3","201800","Three years after the heist on the Royal Mint of Spain, the robbers are enjoying their lives paired-up in diverse locations.","Season 3","10","/kJxqdEfInoai6Ca2tUEWbelveUP.jpg"
"113367","tv","2","205310","","Season 2","8","/wd9c7OHOrFjqUtxy2lbFudFXfLq.jpg"
"131041","tv","1","205614","Yoichi Isagi was mere moments away from scoring a goal that would have sent his high school soccer team to the nationals, but a split-second decision to pass the ball to his teammate cost him that reality. Bitter, confused, and disappointed, Isagi wonders if the outcome would have been different had he not made the pass. When the young striker returns home, an invitation from the Japan Football Union awaits him. Through an arbitrary and biased decision-making process, Isagi is one of three hundred U-18 strikers selected for a controversial project named Blue Lock.

The project's ultimate goal is to turn one of the selected players into the star striker for the Japanese national team. To find the best participant, each diamond in the rough must compete against others through a series of solo and team competitions to rise to the top.","Season 1","24","/urP9QETUEK0tIzG8zygDuJgczmm.jpg"
"132117","tv","1","207818","An artist who gets pulled into the murky high stakes of a con job and a fiery task force officer on the mission to rid the country of his menaces.","Season 1","8","/cTS86RwEBIDgCgUmjWQTSoPsK6p.jpg"
"89113","tv","2","208143","Continuing their pursuit of a coveted IIT seat, Vaibhav and his friends try not to let academic pressure — or adolescent angst — get the best of them.","Season 2","5","/owjEnv2EhqjwPn55bLKTwBTXss1.jpg"
"75865","tv","3","208781","","Season 3","12","/xzk7ERamTcm1RApW3jQq8spr5q9.jpg"
"135670","tv","1","214369","","Season 1","8",
"76479","tv","3","215686","It’s been a year of calm. Homelander’s subdued. Butcher works for the government, supervised by Hughie of all people. But both men itch to turn this peace and quiet into blood and bone. So when The Boys learn of a mysterious Anti-Supe weapon, it sends them crashing into the Seven, starting a war, and chasing the legend of the first Superhero: Soldier Boy.","Season 3","8","/7Ns6tO3aYjppI5bFhyYZurOYGBT.jpg"
"82696","tv","3","219414","","Season 3","5","/7aCTH2i7liPj2wVHMeEsmiTryQn.jpg"
"12697","tv","1","23604","","Season 1","64","/lpy5HxJhmPjzAikPYD6CKCCIawd.jpg"
"65930","tv","6","236472","","Season 6","25","/wSrSvGVxlYaTylTulqueeNQJyvR.jpg"
"80020","tv","5","236571","","Supreme Kai of Time Arc","10","/2Oy3OZCoENHH9x4Rac10FnYk5Vu.jpg"
"93405","tv","2","287516","","Season 2","0","/yt02fUla8WSJj4FZAeZssZemxlW.jpg"
"98575","tv","2","291770","","Season 2","8","/gCSSyoz1Y5SrMUXVp4oY0xaHYya.jpg"
"79696","tv","4","296463","Amid loss and misfortune, the Stone family and the Flight 828 passengers search for the true meaning behind their Callings as ominous signs linger.","Season 4","20","/87yAjiGrzR0tmZew4VzzsvXk3eN.jpg"
"456","tv","34","296972","","Season 34","22","/zI3E2a3WYma5w8emI35mgq5Iurx.jpg"
"1434","tv","21","297016","","Season 21","20","/aLB7psB9N81n5GecHNOudXWW3AI.jpg"
"19885","tv","1","30121","When a chance encounter brings soldier John Watson into Sherlock's life, it's apparent the two men couldn't be more different, but Sherlock's intellect coupled with John's pragmatism soon forges an unbreakable alliance as they investigate a series of baffling cases together.","Series 1","3","/wQczbo7IKtHjmO49pVWTc2u5pSt.jpg"
"19885","tv","2","30122","A Royal scandal, a dazzling game of cat and mouse. The seductive Irene Adler is cold, calculating, brilliant. Has Sherlock finally met his match?","Series 2","3","/hSf2frcLiEWAPUZ6wbOMTTNZ7b0.jpg"
"19885","tv","3","30123","Sherlock is back, but will things ever be the same again?","Series 3","3","/z9ljxwZUQA2349ZBZAssBXpd0i6.jpg"
"60625","tv","6","302503","It’s season six and Rick and Morty are back! Pick up where we left them, worse for wear and down on their luck. Will they manage to bounce back for more adventures? Or will they get swept up in an ocean of piss! Who knows?! Piss! Family! Intrigue! A bunch of dinosaurs! More piss! Another can’t miss season of your favorite show.","Season 6","10","/cvhNj9eoRBe5SxjCbQTkh05UP5K.jpg"
"63926","tv","3","305144","","Season 3","0","/btBLHK046Nat8KgbyzztCLlxPEJ.jpg"
"76479","tv","4","305753","","Season 4","2",
"87030","tv","2","305820","","Season 2","5","/qfXdD6zfnHOKjvhDNxdxsL16gBT.jpg"
"84150","tv","3","307719","","Season 3","5","/qKW0jVOqSiis3kRgN5b4VZekbLx.jpg"
"81046","tv","4","308639","Two years later, as Claudia ventures deeper into the world of dark magic, Callum, Ezran and friends race to stop her from freeing the powerful Aaravos.","Book 4: Earth","9","/nsvnT9KbJZq0lsudv0j5V9oCpql.jpg"
"210955","tv","1","310079","","Miniseries","9","/6pBYtsasjarIV877I3YXMpGCdsl.jpg"
"69710","tv","3","311641","","Season 3","5","/3RloGOV4unRdv5IddXd0EPriAMf.jpg"
"96421","tv","3","315741","","Season 3","6","/5GZQ9BWhCifOe82PngY1xgqVEuG.jpg"
"60735","tv","9","318884","After defeating the Reverse Flash once and for all, Barry Allen and Iris West-Allen are reconnecting and growing closer than ever before. But when a deadly group of Rogues descend on Central City led by a powerful new threat, The Flash and his team must once again defy impossible odds to save the day. But as The Rogues are defeated, a deadly new adversary rises to challenge Barry Allen's heroic legacy. And in their greatest battle yet, Barry and Team Flash will be pushed to their limits, in order to save Central City one last time.","Season 9","13","/rg8N7x27Ef6PvlIiioLStf9ZaIO.jpg"
"63180","tv","2","320356","Naveen and the gang try to get investors for their dream company and take risks that test their friendship.","Season 2","5","/zjNUHEuPOYsAeISFQk1tc1tSC19.jpg"
"79141","tv","4","322054","","Season 4","10","/sHmf3aWHeITvEG0OG1UPswGjbEf.jpg"
"95557","tv","2","325266","","Season 2","4","/lxVS24ZhG3WQf3IMbkFIg6olT6A.jpg"
"81046","tv","5","334441","The search for Aaravos' prison sends Rayla, Callum and Ezran on an epic journey across land and sea, while conflict roils the Sunfire elves' kingdom.","Book 5: Ocean","9","/gQ7AKiBW1L5snzaxkFgRORAuxlS.jpg"
"456","tv","35","336243","","Season 35","2","/vHqeLzYl3dEAutojCO26g0LIkom.jpg"
"84958","tv","2","341180","In the aftermath of Season 1, Loki finds himself in a battle for the soul of the Time Variance Authority. Along with Mobius, Hunter B-15 and a team of new and returning characters, Loki navigates an ever-expanding and increasingly dangerous multiverse in search of Sylvie, Judge Renslayer, Miss Minutes and the truth of what it means to possess free will and glorious purpose.","Season 2","6","/8vjTn0NGF5vM8BijlJxe6YZCRmU.jpg"
"120089","tv","2","342836","","Season 2","13","/lKf8C0Xev11UnXm5FRz3sqxW3Jc.jpg"
"119051","tv","2","345672","","Season 2","3",
"84150","tv","4","346944","It's the final year! Madness and mayhem ensue as the seniors prepare to step out into the real world. While they spend time on movie nights, trips, hanging out, job interviews and final farewells, they must confront their anxieties and insecurities to forge their own paths in life. Will they stumble and fall or eventually stand tall?","Season 4","5","/4HewSpCUrpnqzt8b04H7oSRUYDU.jpg"
"84105","tv","3","347206","","Season 3","0",
"1434","tv","22","348835","","Season 22","3","/hw2vi8agaJZ7oeSvS8uEYgOtK32.jpg"
"94605","tv","2","351997","planned & announced","Season 2","0",
"60625","tv","7","354041","Rick and Morty are back and sounding more like themselves than ever! It's season seven, and the possibilities are endless: what's up with Jerry? EVIL Summer?! And will they ever go back to the high school?! Maybe not! But let's find out! There's probably less piss than last season. ""Rick and Morty,"" 100 years! Or at least until season 10!","Season 7","10",
"80020","tv","6","354308","","Demon Invader Arc","1",
"65930","tv","7","356358","","Season 7","0","/s2XOPfm4B5HVBgIhcGIzoJiwGJX.jpg"
"1396","tv","1","3572","High school chemistry teacher Walter White's life is suddenly transformed by a dire medical diagnosis. Street-savvy former student Jesse Pinkman ""teaches"" Walter a new trade.","Season 1","7","/1BP4xYv9ZG4ZVHkL7ocOziBbSYH.jpg"
"1396","tv","2","3573","Walt must deal with the chain reaction of his choice, as he and Jesse face new and severe consequences. When danger and suspicion around Walt escalate, he is pushed to new levels of desperation. Just how much higher will the stakes rise? How far is Walt willing to go to ensure his family's security? Will his grand plan spiral out of control?","Season 2","13","/e3oGYpoTUhOFK0BJfloru5ZmGV.jpg"
"1396","tv","3","3575","Walt continues to battle dueling identities: a desperate husband and father trying to provide for his family, and a newly appointed key player in the Albuquerque drug trade. As the danger around him escalates, Walt is now entrenched in the complex worlds of an angst-ridden family on the verge of dissolution, and the ruthless and unrelenting drug cartel.","Season 3","13","/ffP8Q8ew048YofHRnFVM18B2fPG.jpg"
"1396","tv","4","3576","Walt and Jesse must cope with the fallout of their previous actions, both personally and professionally. Tension mounts as Walt faces a true standoff with his employer, Gus, with neither side willing or able to back down. Walt must also adjust to a new relationship with Skyler, whom while still reconciling her relationship with Walt, is committed to properly laundering Walt’s money and ensuring her sister Marie and an ailing Hank are financially stable.","Season 4","13","/5ewrnKp4TboU4hTLT5cWO350mHj.jpg"
"1396","tv","5","3578","Walt is faced with the prospect of moving on in a world without his enemy. As the pressure of a criminal life starts to build, Skyler struggles to keep Walt’s terrible secrets. Facing resistance from sometime adversary and former Fring lieutenant Mike, Walt tries to keep his world from falling apart even as his DEA Agent brother in law, Hank, finds numerous leads that could blaze a path straight to Walt. ","Season 5","16","/r3z70vunihrAkjILQKWHX0G2xzO.jpg"
"456","tv","1","3582","","Season 1","13","/t544zSFUNyvmyeP4sHotlcEX3zH.jpg"
"456","tv","2","3583","","Season 2","22","/bRyDlUQQafSoIT052jpjLBMe8TH.jpg"
"456","tv","3","3584","","Season 3","24","/9ghmIhWJJuTx3UHyfVVBXQoUGvI.jpg"
"456","tv","4","3585","","Season 4","22","/voqu5a4drV1CXMjjZ0Mkw35n26l.jpg"
"456","tv","5","3586","","Season 5","22","/9O7tIcS2KZk1ukMq3aOvoj8KIJZ.jpg"
"456","tv","6","3587","","Season 6","25","/qD20BnTxIdF1rcnX4BARmFshzKA.jpg"
"456","tv","7","3588","","Season 7","25","/blCeZS6BmN3wwmF40fuCZSeFwbB.jpg"
"456","tv","8","3589","","Season 8","25","/xLebCxRHSwXBW39a4OLmMSGChLs.jpg"
"456","tv","9","3590","","Season 9","25","/6PTYyLD8bSiNZf1PFdCQ9JyiIFW.jpg"
"456","tv","10","3591","","Season 10","23","/A77xKuxA13aXA1mQd6YLAaTIErK.jpg"
"456","tv","11","3592","","Season 11","22","/swM9G5ojulvLYIF721Y6swoJQGh.jpg"
"456","tv","12","3593","","Season 12","21","/xPRZmUukPXqlSZfGMaEI0GyVhjW.jpg"
"456","tv","13","3594","","Season 13","22","/xflc3aV1SbP2bGeZNuu4AG6cIqH.jpg"
"456","tv","14","3595","","Season 14","22","/9IowK57TpeO09D4B46jd4J3wjPO.jpg"
"456","tv","15","3596","","Season 15","22","/bmMwmEfwmziKzWP2jiU0GMw8yKd.jpg"
"456","tv","16","3597","","Season 16","21","/ifjiG1gHGRyYmNDWRb9Ul9VCfEn.jpg"
"456","tv","17","3598","","Season 17","22","/evIWfK3hKFIExETjv6L2YS9J8fw.jpg"
"456","tv","18","3599","","Season 18","22","/kwb8AZAHyhn96dzn17mtTV3l8dl.jpg"
"456","tv","19","3600","","Season 19","20","/nLKZJ1ozVvYFtaOynzkShE8wN4k.jpg"
"456","tv","20","3601","","Season 20","21","/2CUdLX4K8fMlcdVPHUbciTYt4ri.jpg"
"456","tv","21","3602","","Season 21","23","/fEykf9XN4Cn5tJ17pOD2PObdjoc.jpg"
"456","tv","22","3603","","Season 22","22","/xUZeYO9NPkmXCcuRrr8PgXzk2Qd.jpg"
"456","tv","23","3604","","Season 23","22","/wlQnKb3pHBxtMivCjcvM8TDpBbv.jpg"
"456","tv","24","3605","","Season 24","22","/qGPFl3X6ukZ6fBQRiLxueLWQh9y.jpg"
"456","tv","25","3606","","Season 25","22","/iwlh2yoia66MCaZEqybsLSt3OHa.jpg"
"1399","tv","1","3624","Trouble is brewing in the Seven Kingdoms of Westeros. For the driven inhabitants of this visionary world, control of Westeros' Iron Throne holds the lure of great power. But in a land where the seasons can last a lifetime, winter is coming...and beyond the Great Wall that protects them, an ancient evil has returned. In Season One, the story centers on three primary areas: the Stark and the Lannister families, whose designs on controlling the throne threaten a tenuous peace; the dragon princess Daenerys, heir to the former dynasty, who waits just over the Narrow Sea with her malevolent brother Viserys; and the Great Wall--a massive barrier of ice where a forgotten danger is stirring.","Season 1","10","/wgfKiqzuMrFIkU1M68DDDY8kGC1.jpg"
"1399","tv","2","3625","The cold winds of winter are rising in Westeros...war is coming...and five kings continue their savage quest for control of the all-powerful Iron Throne. With winter fast approaching, the coveted Iron Throne is occupied by the cruel Joffrey, counseled by his conniving mother Cersei and uncle Tyrion. But the Lannister hold on the Throne is under assault on many fronts. Meanwhile, a new leader is rising among the wildings outside the Great Wall, adding new perils for Jon Snow and the order of the Night's Watch.","Season 2","10","/9xfNkPwDOqyeUvfNhs1XlWA0esP.jpg"
"1399","tv","3","3626","Duplicity and treachery...nobility and honor...conquest and triumph...and, of course, dragons. In Season 3, family and loyalty are the overarching themes as many critical storylines from the first two seasons come to a brutal head. Meanwhile, the Lannisters maintain their hold on King's Landing, though stirrings in the North threaten to alter the balance of power; Robb Stark, King of the North, faces a major calamity as he tries to build on his victories; a massive army of wildlings led by Mance Rayder march for the Wall; and Daenerys Targaryen--reunited with her dragons--attempts to raise an army in her quest for the Iron Throne.","Season 3","10","/5MkZjRnCKiIGn3bkXrXfndEzqOU.jpg"
"1399","tv","4","3628","The War of the Five Kings is drawing to a close, but new intrigues and plots are in motion, and the surviving factions must contend with enemies not only outside their ranks, but within.","Season 4","10","/jXIMScXE4J4EVHUba1JgxZnWbo4.jpg"
"1429","tv","1","3788","Centuries ago, mankind was slaughtered to near extinction by monstrous humanoid creatures called titans, forcing humans to hide in fear behind enormous concentric walls. What makes these giants truly terrifying is that their taste for human flesh is not born out of hunger but what appears to be out of pleasure. To ensure their survival, the remnants of humanity began living within defensive barriers, resulting in one hundred years without a single titan encounter. However, that fragile calm is soon shattered when a colossal titan manages to breach the supposedly impregnable outer wall, reigniting the fight for survival against the man-eating abominations.","Season 1","25","/gC78bsXhdU2PwT3FkLcn8R5YcHb.jpg"
"1434","tv","1","3821","","Season 1","7","/jionPk3YATIRj5P6HdbLPkz5Ff7.jpg"
"1434","tv","2","3822","","Season 2","21","/wR0yAfQKFMtITi1Iiy9CuqDPTfZ.jpg"
"1434","tv","3","3823","","Season 3","22","/16xw1hzmvRG5wxd7U3VZ0aYDLso.jpg"
"1434","tv","4","3824","","Season 4","30","/vOTmOo347IFIwf55VNQHC8715wd.jpg"
"1434","tv","5","3825","","Season 5","18","/Aa7kGm3hLZsCp6NGdCL2SiXb8ID.jpg"
"1434","tv","6","3826","","Season 6","12","/4CURyrtNsiklSFNnj6Vpc6WsGxC.jpg"
"1434","tv","7","3827","","Season 7","16","/5GUHJgPxDwh0njN3ytEIBENhmOJ.jpg"
"1434","tv","8","3828","","Season 8","20","/kwPaT3INWe36c5B3t7FJFWelm8y.jpg"
"1434","tv","9","3829","","Season 9","18","/1UJyMlvMmGrvNHk9ixOx2UwW33V.jpg"
"1434","tv","10","3830","","Season 10","23","/kFOFGnuDJCGj4jiwCR40xgjQDbB.jpg"
"1434","tv","11","3832","","Season 11","22","/zuLH8ayDlENjUQ9FYpzykABjmSK.jpg"
"1434","tv","12","3833","","Season 12","21","/9O2yWdmPX0OdF5VUxoIJILhoNVb.jpg"
"30981","tv","1","42537","","Season 1","74","/taGxpIu3HfVL9x0FzVPR4W0JDYO.jpg"
"30991","tv","1","42587","In the year 2071 humanity has colonized the entire Solar System through the use of ""Phase Difference Space Gates"". A catastrophic accident occurred during the development of the Gates, damaging both the Earth and the Moon, heavily irradiating the surface, and forcing most of mankind to evacuate to other planets of the Solar System. Wherever humanity goes, so goes its criminal element, and thus the need for those who hunt criminals. The newly formed solar system police reinstated the bounty scheme of the Wild West. Cowboy Bebop is the story of the four inhabitants of the spaceship Bebop, and the living they barely make at bounty hunting.","Season 1","26","/jZR6WYJtYdtDPmsuXNCP4OeY4lx.jpg"
"31109","tv","1","42698","","Season 1","20","/pxE1XK8oJ0azIyuW7HMOaNQpsSt.jpg"
"31109","tv","2","42699","","Season 2","32","/gQAnlR1qOMXzSHPhoQ2VUujigEx.jpg"
"31910","tv","1","43373","Naruto Uzumaki is back! After two and a half years of training on the road with Jiraiya of the Sannin, Naruto is back in the Village Hidden in the Leaves and he's ready to show off his new skills. He and Sakura team up to take on their old master Kakashi, who's pretty impressed with their progress. They'll have plenty of opportunity to put it into action when news arrives from the Sand Village that Gaara, Naruto's former rival and now Kazekage of the Sand, has been kidnapped! And the culprits are the very same group who are after Naruto - the Akatsuki!","Kazekage Rescue","32","/xSMgujXu00no2m1CCaMr4e6tARZ.jpg"
"31910","tv","2","43374","In the midst of its spying mission, Team Kakashi is suddenly confronted with the Leaf Village's sworn enemy, Orochimaru. Naruto challenges him, and during their battle, his anger brings forth the power of the Nine-Tailed Fox. Naruto will never give up his determination to find Sasuke and bring him home, but in his rage he risks losing all awareness of himself and hurting those he cares for the most.","Long-Awaited Reunion","21","/m2mSwS2Ol92LVkiblwraIV5HVLY.jpg"
"31910","tv","3","43375","Defeated by Sasuke, Naruto returns to the hidden Leaf Village to start a new training program with Kakashi and Yamato. Naruto learns that he has Wind-style chakra. Meanwhile, a group of four mysterious people attacks a village in the countryside of the Fire Country. Who are they and what exactly do they want from the Leaf Village ninja?","Twelve Guardian Ninja","18","/nRk4DOpHKEoyhpGKw8GjYNIt56m.jpg"
"31910","tv","4","43376","Asuma and Shikamaru have to think on their feet as they face the mind-boggling jutsu of the Akatsuki pair, Hidan and Kakuzu. At the last minute, the Akatsuki are called away, but not before dealing a fatal blow to a revered shinobi of the Leaf. The devastated ninja left behind can think only of revenge, but Tsunade is opposed to the scheme until an offer of help arrives from an unexpected source.","Immortal Devastators - Hidan and Kakuzu","17","/6PeBsZ24PkaIXjGwDgORvA6IpYw.jpg"
"31910","tv","5","43377","Naruto's new jutsu Rasen Shuriken is unbelievably powerful - but because of the risks to the user, Tsunade forbids Naruto to use it! When Jiraiya returns to the village, Naruto seeks his guidance, and the two head off to a hot springs resort to work on a solution. Meanwhile, Kakashi leads a team in search of Orochimaru's hideout, and when Naruto hears about it, he begs to join them.","Season 5","24","/iwzq0oIsMHfvtlwAVqBcdXW0tUu.jpg"
"31910","tv","6","43378","Sasuke's future hangs in the balance as Orochimaru prepares for reanimation. It's been three years since Sasuke left the Leaf Village seeking the power Orochimaru promised him. Now it's time to face his mentor. Who will master whom in the battle for their very existence?

Plus, take a step back in time to a turning point in the young Kakashi's life, as he fights alongside his teammates under the guidance of the Fourth Hokage!","Master's Prophecy and Vengeance","31","/8nF3qb36rIaEClvKtrHn7JJkVgV.jpg"
"31910","tv","7","43379","The team is heading back to the village when an urgent assignment comes in from Tsunade that will lead them on a perilous journey to protect a young woman!","Season 7","8","/isfVa7ZYu8GdG9HuKNYFu33lwXW.jpg"
"31910","tv","8","43380","Naruto and his friends successfully decipher the code Jiraiya left behind, but it's not enough to solve the mystery of Pain. For Naruto, Jiraiya's passing is more than enough to inspire him to follow Fukasaku to Mount Myoboku, where he begins his training in Sage Jutsu. But will the antsy Naruto ever be able to sit still long enough to achieve Sage Mode? Back in the Leaf Village, disaster strikes when the Six Paths of Pain attack the village, and those dearest to Naruto are thrown into the chaos of battle!","Season 8","24","/q6lLDFlxCULSNJ5kEOuxCg516Kr.jpg"
"31910","tv","9","43381","After Pain's attack, the Leaf Ninja set about rebuilding their village. Naruto and Sakura are thrilled to be reunited with Tazuna and his grandson Inari from the Land of Waves, who have come to help. While the restoration proceeds, the Leaf Ninja and their friends reflect on past events that influenced the village and helped gain allies like the Sand.

Plus, we get a glimpse back into Naruto's training journey with Jiraiya, and join the original Team 7 on a mission when Sasuke was still with them!","Season 9","21","/2nSJmCWlfqBlnRLNCmDoDoOzLuc.jpg"
"31910","tv","10","43382","In the aftermath of the attack on the village, Naruto and Sakura are shocked to discover that Danzo has been selected as the new Hokage. And his first order of business involves Team 7's own Rogue Ninja-Sasuke! Then, the Kage from each village gather for a summit in the Land of Iron, and Naruto seeks a pardon for Sasuke from the Raikage. But the cycle of hatred runs deep in the shinobi world, and while the Five Kage discuss how to deal with the Akatsuki, the mysterious one calling himself Madara steps forward to reveal truths that will turn Naruto's world upside down!

Plus, take a step back in time to a turning point in the young Kakashi's life, as he fights alongside his teammates under the guidance of the Fourth Hokage!","Season 10","25","/yDsgVSLlbDdBcYHxl4yDTV7lIUY.jpg"
"31910","tv","11","43383","Naruto declares to his friends his intention to take on Sasuke by himself, while the Elders of the Leaf make a serious decision about who will fill the vacant seat of Hokage: Kakashi! In Mount Myoboku, Gerotora, Fukasaku and the Great Lord Elder debate whether or not to give Naruto the key to the Tetragram Seal that Gerotora holds, an act that could potentially unleash Nine Tails.","Season 11","21","/oixwrmtVUBsj8wTmP5oTwq7qZ9G.jpg"
"31910","tv","12","43384","As the Leaf Village prepares for war, each shinobi and clan must contemplate the role they will play in the battles to come. While Naruto's peers seek training from surprising sources, Naruto himself must confront both his biggest weakness and greatest strength – the Nine-Tailed Fox.

To reach optimum power, Naruto must learn to control the beast within him, so he seeks help from the one person who has mastered just that, Killer Bee! But the Jinchuriki of Eight Tails wants nothing to do with training Naruto!","Season 12","33","/yzPuuMiI1D7YXKanKM1F0HS7GE5.jpg"
"31910","tv","13","43385","The Fourth Great Ninja War rages on, and danger comes from every angle. Old comrades and enemies have risen from the grave under the control of Kabuto to fight the Allied Forces. While some retain their calm, others must wrestle with their emotions. Naruto's training has made him more powerful, but some believe his possession of the Nine Tails makes him a liability. Meanwhile, Sakura and the Medical Ninja face unique danger, as an enemy may be in their midst behind the allied lines. Can the Allied Forces survive assassins and their reanimated friends to win the war?","Season 13","20","/yqJIRcTMyv9zMQtxaVbmPbDaE7i.jpg"
"31910","tv","14","43386","Gaara leads the Fourth Company into battle against the previous Kage, including his own father. Meanwhile Naruto and Killer Bee face the reanimated Itachi Uchiha, who recognises Naruto’s growth as a shinobi and his potential to rescue his brother, Sasuke, from his path of vengeance. Battles rage, and all must face enemies—as well as friends—they never expected to see again!","Season 14","25","/g5luX7wCsghPZy1GbFjiXJo7p4i.jpg"
"31911","tv","1","43388","","Season 1","64","/1cpXTzrUiMbqcCLsdxRfVIHJsEd.jpg"
"33880","tv","1","44710","In Book One, Avatar Korra—a headstrong, rebellious, feisty young woman who continually challenges and breaks with tradition—sets out on her quest to become a fully realized Avatar, struggling to find balance between tradition and modernity, the bending and non-bending world, and within herself.","Book One: Air","12","/MZviFVuu9UxGsSjc2UFMixMRMm.jpg"
"33880","tv","2","44711","In Book Two, the Spirit and Human worlds are colliding and Team Avatar must embark on a journey diving deep into the mythology of the mystical Spirit World, encountering creatures like nothing they've seen before, and discovering the truth about the very first Avatar!","Book Two: Spirits","14","/4Ev7tsxWx0QCBl5ViaOLPb0JEMs.jpg"
"1668","tv","1","4573","","Season 1","24","/odCW88Cq5hAF0ZFVOkeJmeQv1nV.jpg"
"1668","tv","2","4574","","Season 2","24","/kC9VHoMh1KkoAYfsY3QlHpZRxDy.jpg"
"1668","tv","3","4575","","Season 3","25","/n9u4pslqb6tpiLc8soldL5IbAyG.jpg"
"1668","tv","4","4576","","Season 4","23","/3WdH3FNMXgp3Qlx21T7kwKS8Mtc.jpg"
"1668","tv","5","4577","","Season 5","23","/aEwLXWbo6gV1TNIv9veu4rRwsPZ.jpg"
"1668","tv","6","4578","","Season 6","23","/7EU6bV6d8j1Xbc1F8QoNkOZrpsi.jpg"
"1668","tv","7","4579","","Season 7","23","/yvUZVChjOnqCjB9rjdEqEmpDdnQ.jpg"
"1668","tv","8","4580","","Season 8","23","/eh6PPkrzkXsEksRJDcdtx9lZsqX.jpg"
"1668","tv","9","4581","","Season 9","23","/1IvIdN4I5jJ0bwC3BkmDCy4pQ9j.jpg"
"1668","tv","10","4582","","Season 10","17","/67ETB6XIqYc5vZkyAjN8XINOX5i.jpg"
"39898","tv","1","51094","","Season 1","26","/9TMQoyAo0Sqz7UOIxu1jwHuDkaR.jpg"
"39898","tv","2","51095","","Season 2","26","/A0YLNUvw3C5Tl4o8yPdJE4lo2iU.jpg"
"39898","tv","3","51096","","Season 3","28","/bGCd5MoVNEKQ7DynzS2zX92TH0R.jpg"
"40424","tv","2","51329","A group of street racers called Team Emperor, all using Mitsubishi Lancer Evolutions, appear in the Gunma area, defeating anyone in their path, until their No. 2 racer, Seiji Iwaki, was defeated by Takumi, breaking their winning streak. Their leader, a professionally-trained driver named Kyoichi Sudo, challenged Takumi to a race at Akagi to “teach him some things” and as a sort of cover event for his race with Ryosuke, his primary target. Takumi declined his proposal at first but eventually accepted after being infuriated with seeing Natsuki with the Mercedes Driver which left him at a disadvantage from the get-go. This race saw Takumi's Eight-Six blow its engine. While it may have been a defeat for Takumi, Kyoichi did not consider it a race instead considering it more as a seminar to show Takumi how much he needs a better car as he believes the Eight-Six is far too old to match Takumi's skill level.","Second Stage","13","/Ad4SFi6CLFr7hzANxcBZSqQ06Fz.jpg"
"40424","tv","1","51330","The story begins when street racers called the RedSuns, a team from Mt. Akagi, come to challenge Mt. Akina's local SpeedStars team to a ""friendly"" race. After seeing how skilled the RedSuns are, the SpeedStars treat it as a race for pride, determined not to be humiliated on their home turf. However, the SpeedStars are left in a bind when their team leader and primary downhill driver Iketani has an accident during a practice run.","First Stage","26","/oDJUjTrmOrRNT8iVW506pI5L8do.jpg"
"40424","tv","3","51331","This series focuses on the exploits of the new team founded by Ryosuke, Project.D, which is composed of Ryosuke (leader and strategist), downhill specialist Takumi, uphill specialist Keisuke, and a staff consisting primarily of members of the Akagi Red Suns. The team travels the region, challenging other teams and posting the results of the battles on their website. Each race is intended by Ryosuke to develop a specific area of his drivers' skills. By this time, Takumi matures slowly into a more confident and knowledgeable street racer, while Keisuke improves on his technical driving skills. Takumi instinctively develops many new techniques through his own ingenuity after some prompting by Ryosuke, such as ""Blind Attack"", a passing with his headlights off so that his opponent is unable to see him coming and block him, and using weight shifting to execute manoeuvres similar to the gutter-hook technique on Akina.","Fourth Stage","24","/hUtkQeCagCXCo6AtDdnDfVhft5z.jpg"
"40424","tv","4","51334","Still working as part of the Project D driving team, Takumi Fujiwara and Keisuke Takahashi continue to challenge courses and teams in the Kanagawa Prefecture. Meanwhile, a young golf phenom catches Takumi's eye, and Ryosuke Takahashi settles a score from his past.","Fifth Stage","14","/ylzvdjlmg1JM8emhCkiS18lThe2.jpg"
"890","tv","1","51882","","Season 1","26","/8RFRbTk8f7XsceZJwM5rEXoik91.jpg"
"42509","tv","1","52237","","Season 1","24","/xZrGB8kDQpqq6Ad74uInNvIUMGj.jpg"
"42705","tv","1","52311","","The First Step","75","/oG4xyOhHfNpsYXQysE7bYh3FBtX.jpg"
"42705","tv","2","52313","Ippo Makunouchi continues his boxing career and his goal on knowing the meaning of being strong, and the desire on fighting his idol Ichiro Miyata once again. Along him are pro boxers Takamura, Aoki and Kimura that each one of them aspire to their own dreams. the continuation after Ippo won his Japan Championship match.","New Challenger","26","/5PSYvbA1LXueNyDDPIwL11372VQ.jpg"
"43865","tv","1","53131","The series takes place in the near future, when it is possible to instantaneously measure and quantify a person's state of mind and personality. This information is recorded and processed, and the term ""Psycho-Pass"" refers to a standard used to measure an individual's being. The story centers around the ""enforcement officer"" Shinya Kougami, who is tasked with managing crime in such a world.","Season 1","22","/xeJU61rU2lUwneqS3oDoaoRYoyW.jpg"
"43865","tv","2","53133","The second season takes place one-and-a-half years after the first season.

Having learned the true nature of the Sibyl System, Akane Tsunemori chose to obey the system, believing in both humanity and the legal order. She's part of a new police section and spends her everyday life facing down criminals. Unbeknownst to Akane, however, a monster who will shake the system to its core is about to appear before her.

","Season 2","11","/o9J0ZjlQB8mmz1vArmqAryso2zu.jpg"
"45783","tv","1","54257","","Season 1","25","/lJJ8cWm9CYu6ZRJp1q93qjxuHZ1.jpg"
"45783","tv","2","54259","","Season 2","25","/bQxX2ZDkwrTMxC1XUGl4uNlZv7r.jpg"
"45950","tv","2","54359","The devilish Harem King is back for more outrageous Oppai Battle Entertainment in the scintillating second season of High School DxD! Fans who like their hardcore action spiked with a double dose of fan service won’t be able to pry their eyes off all the scorching supernatural schoolgirls waiting for them in Season Two. So what are you waiting for? Plant yourself in front of the boob tube and watch a harem of devil hotties show you how much fun it is to be bad!","High School D×D New","12","/bREf39mTiN5pQzNGnwUuVlqn7M3.jpg"
"45950","tv","1","54361","A war between heaven and hell is raging on Earth – and a hot mess of hormonal fury is raging in Issei’s pants. The guy is dying to get some action. Which is funny, since his first date ever turns into a winged monster and tries to kill him. Fortunately, ridiculously curvy redhead Rias comes to his rescue. She’s president of The Occult Research Club, a club that doesn’t actually research the occult. They are the occult – and Rias is a Devil. She takes Issei as a more-than-willing slave and begins training him to use magic in battle against the Fallen Angels, the longtime enemies of Devils everywhere. If Issei can improve his mystical skills, he’ll be able to help his hotter-than-hell master and her scorching supernatural schoolgirl friends defeat their foes. Even better, he might end up with a few sexy slaves of his own.","High School D×D","12","/dJA4r9xf2LfDbIYtP2kNqTb9k55.jpg"
"45950","tv","3","54362","The babes and boys of the Occult Research Club are Back! Lovable loser (and bust buff) Issei and his clan of bewitching beauties return for a new season of supernatural tussles and sexy shenanigans—featuring old friends and new enemies! Now that all the girls live in Issei’s home, life seems like nothing but fun and scantily-clad lounging…for now! Join Rias, Akeno, Koneko, Asia, Xenovia, Gasper, and everyone’s favorite Harem King Issei as they fight, fumble, and fondle their way through their demonic high school lives.","High School D×D BorN","12","/4l1WsjP90fvqQzkdWArrXxET0Im.jpg"
"45998","tv","1","54392","","Season 1","12","/ixT9GVnHhMUdNWtY3yPXRakU0iU.jpg"
"46260","tv","4","54564","In the Village Hidden in the Leaves, there are few things Naruto and Choji love more than a steaming bowl of Ichiraku ramen, and when the daughter of the owner is kidnapped, they're on the case. Then, missions for the Leaf ninja lead them to the Land of Bears after a fallen meteorite and the Land of Greens to protect a princess. When an evil ninja who's after the princess gets in their way, it's Naruto's life on the line!","Season 4","62","/2L7qUHd6C1RgMmm6upxH9rL5jjK.jpg"
"46260","tv","2","54567","Before the final round of the Chunin Exam, Naruto receives some special training from the legendary Toad Sage, Jiraiya. When the battles resume, Naruto is ready, but what about Sasuke? He's about to face the one ninja no one, not even Naruto thinks he can beat. But in the midst of everything, a sinister plot is set in motion, and the Village Hidden in the Leaves finds itself under attack!","Season 2","52","/yBHXns4g7gWcWuQfOzL4Jekj74e.jpg"
"46260","tv","3","54568","Naruto returns from his training journey eager to see his friend Sasuke. But Sasuke has only one thing on his mind: his quest for revenge against his older brother. His unquenchable thirst for power knows no bounds, and soon he is lured from the Leaf Village by Orochimaru's minions, the Sound Four. Determined to get him back, Shikamaru and Naruto put together a team of the top genin in the village to go after him, and the chase begins!","Season 3","54","/uVf4TahDsV9iNgNgE0SVWkNZYw9.jpg"
"46260","tv","1","54573","Deep within the Hidden Leaf Village, young ninja Naruto Uzumaki carries sealed inside him the Nine-Tailed Fox Spirit, which once almost destroyed the village. Always an outcast because of his secret, now Naruto battles alongside his teammates Sasuke and Sakura to prove to himself and everyone else that he's the greatest ninja ever. But he's got a long list of challenges to face before he gets there!","Season 1","52","/fmps15jQsy74PjxnaxxeVEyuNnX.jpg"
"46298","tv","2","54606","","Season 2","74","/itMuFli5HRafl3ofO5srdN0mmCQ.jpg"
"46298","tv","1","54607","","Season 1","62","/mKcawC6ortMA7Sa0ghpCGAlhavH.jpg"
"46671","tv","1","54822","A boy is forced into a survival game in which players equipped with diaries that can predict the future compete to become the god of space and time.","Season 1","26","/gTIwSqo5xFPBZW2qCbpetqkweT.jpg"
"46922","tv","1","55066","Ben was all set to be a solo hero with his new Omnitrix after Gwen and Kevin left for college, but Grandpa Max teamed him up with a rookie, by-the-book partner. Together they explore a secret alien city, known as Undertown beneath the city of Bellwood. Meanwhile, a mysterious hunter, known as Khyber, sets his sights on Ben! With all new alien heroes to choose from, the fun is just getting started. It's a whole new Omniverse!","A New Beginning","10","/tK8iQKgBSTaEy8z2NO8GIuNIeWQ.jpg"
"56998","tv","1","58281","","Season 1","12","/tbHxIjmcp7srKoJYWr1SIlKeaQV.jpg"
"42705","tv","3","59715","Hajime no Ippo: Rising continues Ippo's quest to become stronger, featuring the same cast of loveable dimwits from Kamogawa Gym, as they put their bodies and hearts on the line to make their way in the harsh world of professional boxing. With a will of iron, Ippo steps into the ring once again.","Rising","25","/vvj28BXa350Ft7DArhKKtk2yvhu.jpg"
"12971","tv","1","59759","The Saiyans are coming! These ruthless, intergalactic villains carved a path of destruction across the galaxy, and now they’re headed for Earth. The evil Saiyan warlord Vegeta will not rest until he’s seized the wish-granting powers of the Dragon Balls for himself. Goku vs. Vegeta! The battle of all battles begins now!","Saiyan Saga","39","/wBvWfCJyN9uXbkXKxJNTLzeGmme.jpg"
"12971","tv","2","59760","While Goku recovers from injuries suffered during battle with the Saiyans, his friends begin their perilous quest for the Namekian Dragon Balls. Awaiting their arrival on Planet Namek is the powerful Ginyu Force – and the vile monster Frieza!","Namek and Captain Ginyu Sagas","35","/zE4HN3kAVFNHRE6gI2LNnWyp9cr.jpg"
"12971","tv","3","59761","All seven Namekian Dragon Balls have been assembled, and the dragon Porunga has been summoned. Goku and his loyal friends must stop Frieza from making his wish for immortality. To defeat this monstrous foe – a Super Saiyan must emerge!","Frieza Saga","33","/a2L4vWPp2NFHBALWBPyVH5vPk6e.jpg"
"12971","tv","4","59762","Goku is missing, and a new breed of villain prepares to wreak havoc on Earth. Armed with knowledge of this looming menace, a Super Saiyan arrives from the future to deliver a grave warning: The Androids are coming – and they cannot be stopped!","Garlic Jr., Trunks and Androids Sagas","32","/tB5YM9eFFF3OmLg3zsR67oNUfAF.jpg"
"12971","tv","5","59763","As the battle with the Androids rages on, a fierce evil rises from the shadows: the monster known as Cell. Dr. Gero’s heinous creation is the ultimate weapon, a fighting machine built from the genetic material of the greatest warriors ever to walk the Earth!","Imperfect Cell and Perfect Cell Sagas","26","/iIzYMnpLtBTh9Vg8yj91RhjQMFy.jpg"
"12971","tv","6","59764","Humanity nears extinction as Cell achieves his deadly perfect form! Eager to display his new power, the monster proposes a tournament. If Earth produces a worthy challenger, whether be it Goku or Mr. Satan, mankind will be spared. But if not – death comes to all!","Cell Games Saga","29","/381gFEyW91dgBUu09NMSvkI2Rac.jpg"
"12971","tv","7","59765","In the seven years since Cell’s defeat, life on Earth has returned to normal. But now, the time has come for a new World Martial Arts Tournament. Goku returns from Other World to challenge Mr. Satan for his title – and to guard against the arrival of a new evil!","Other World, Great Saiyaman and World Tournament Sagas","25","/w2x8LhWuoXyFp2i2syagpTbrfcR.jpg"
"12971","tv","8","59766","The evil wizard Babidi embarks on a quest for vengeance, seeking to fulfill his father's thwarted dreams of universal domination. Supreme Kai enlists Goku and the Z-Fighters to stop Babidi and his vile minions, but a deadly new threat emerges – Majin Vegeta!","Babidi and Majin Buu Sagas","34","/AksanoqLDDqpr615GU037m0zSKV.jpg"
"12971","tv","9","59767","Majin Buu's rampage continues, and the only hope of defeating this terrifying foe is the Fusion Technique. For this desperate plan to succeed, two fierce rivals, Goku and Vegeta, must combine their powers in a heroic attempt to stop Majin Buu once and for all!","Fusion, Kid Buu and Peaceful World Sagas","38","/ng5ikoqe4vU7gS5l42EB35rMEIX.jpg"
"13916","tv","1","59776","An intelligent high school student goes on a secret crusade to eliminate criminals from the world after discovering a notebook capable of killing anyone whose name is written into it.","Season 1","37","/1BloDOEmKxPFzbCIuNCLmCrcx6L.jpg"
"60625","tv","1","60059","Rick and Morty visit a pawn shop in space, encounter various alternate and virtual realities, and meet the devil at his antique shop.","Season 1","11","/5WexCcWEkcm7yVpOClOLICroGNO.jpg"
"60735","tv","1","60523","When an unexpected accident at the S.T.A.R. Labs Particle Accelerator facility strikes Barry, he finds himself suddenly charged with the incredible power to move at super speeds. While Barry has always been a hero in his soul, his newfound powers have finally given him the ability to act like one. With the help of the research team at S.T.A.R. Labs, Barry begins testing the limits of his evolving powers and using them to stop crime. With a winning personality and a smile on his face, Barry Allen — aka The Flash — is finally moving forward in life … very, very fast!","Season 1","23","/A3H6pewHfoy2bXmNhvycOe0xzlC.jpg"
"60863","tv","1","60937","A chance event triggered Shouyou Hinata's love for volleyball. His club had no members, but somehow persevered and finally made it into its very first and final regular match of middle school, where it was steamrolled by Tobio Kageyama, a superstar player known as ""King of the Court."" Vowing revenge, Hinata applied to the Karasuno High School volleyball club... only to come face-to-face with his hated rival, Kageyama!","Haikyu!!","25","/1Rfa9o5H6ZlXzbDVNlw4jULdXpi.jpg"
"42589","tv","1","61163","","Season 1","12","/loiiQGpCnQqW25OyDrs7c4ICfTE.jpg"
"33880","tv","3","61338","Set two weeks after the end of Book Two, Book Three finds Korra discovering that new Airbenders are popping up all over the Earth Kingdom. While she tries to find these Airbenders and rebuild the Air Nation, a group of dangerous criminals embark on a mission of their own.","Book Three: Change","13","/zXUWNGU6f5LGT4fl2zqDqYyiWDG.jpg"
"1434","tv","13","62024","","Season 13","18","/xo752ENE6AYiTTWA9PuOIGNnuPJ.jpg"
"1399","tv","5","62090","The War of the Five Kings, once thought to be drawing to a close, is instead entering a new and more chaotic phase. Westeros is on the brink of collapse, and many are seizing what they can while the realm implodes, like a corpse making a feast for crows.","Season 5","10","/7Q1Hy1AHxAzA2lsmzEMBvuWTX0x.jpg"
"456","tv","26","62103","","Season 26","22","/9bGpb3vWygBogXpQBnTodFWaQte.jpg"
"19885","tv","4","62206","The fourth series begins with the nation’s favourite detective, the mercurial Sherlock Holmes, back once more on British soil, as Doctor Watson and his wife, Mary, prepare for their biggest ever challenge - becoming parents for the first time.","Series 4","3","/yVaWUlLmln0xqUDxVFc8JBuzHzK.jpg"
"61374","tv","1","62764","The suspense horror/dark fantasy story is set in Tokyo, which is haunted by mysterious ""ghouls"" who are devouring humans. People are gripped by the fear of these ghouls whose identities are masked in mystery. An ordinary college student named Kaneki encounters Rize, a girl who is an avid reader like him, at the café he frequents. Little does he realize that his fate will change overnight.","Tokyo Ghoul","12","/xZxZn3CmFu2sjlOyiVzCwxlmuM7.jpg"
"33880","tv","4","62859","Book Four is set three years after Book Three. Now broken and bruised, Korra begins a journey of self-discovery and survival as the strong prey upon the weak. When an aggressive military force rises up led by the power-hungry Kuvira, the fate of the Earth Kingdom hangs in the balance and only the Avatar can set things right.","Book Four: Balance","13","/1KpFAA5KQUjnTtn3aTQMaeTxG0R.jpg"
"61459","tv","1","62946","","Season 1","24","/2ngHwPQhHGPpLkLQd2MTAI3iXPq.jpg"
"45997","tv","1","63495","","Season 1","13","/8SOKHI2l7hECjzPcgRIzjLVZjGP.jpg"
"61663","tv","1","63597","","Season 1","22","/b7rgfkdYGpEnBx7KNaM39ylkTht.jpg"
"61664","tv","1","63598","Eight strangers from around the globe suddenly begin to communicate telepathically, but soon discover their gift also makes them targets.","Season 1","12","/ndcqGWS5fSdaqZkxajY9Lg8MgCJ.jpg"
"61374","tv","2","64167","The things that go bump in the night are back for a second season – and they’re hungrier than ever! In modern day Tokyo, society lives in fear of Ghouls: mysterious creatures that look exactly like humans — yet hunger insatiably for their flesh. None of this matters to Ken Kaneki, a bookish and ordinary young man, until a dark and violent encounter turns him into the first ever Ghoul-human half breed. Trapped between two worlds, Ken must survive the violent conflicts of warring Ghoul factions, while attempting to learn more about Ghoul society, his newfound powers, and the fine line between man and monster.","Tokyo Ghoul √A","12","/3gXFke1DLMRzXTpuLnOaZMAJkKX.jpg"
"40424","tv","5","64266","After a long break, after every racing team in the prefecture is defeated, everything comes down to one last race. Takumi Fujiwara has never lost a race, but when his opponent is also using an AE86, it turns into a battle of the AE86. Will Project D succeed in the final and most difficult race of Initial D?","Final Stage","4","/qJyOMe6mfnhf8UJoiFYNE6F0RVr.jpg"
"62640","tv","1","66601","","Season 1","20","/yfvXqdF95x8nOrMxWptJl96GWrd.jpg"
"60625","tv","2","66738","After Rick and Morty decided to unfreeze time, they must deal with alien parasites, alternate Jerrys and a decaying, possibly non-existent dimension.","Season 2","10","/zkhGdE29umuKwa6u6mm7e4cXvYY.jpg"
"62715","tv","1","66877","","Season 1","131","/jMbDyMKxcf4NxIxdqOFRuleu3LR.jpg"
"60735","tv","2","66922","Following the dramatic events of season 1, Team Flash quickly turns their attention to a threat high above Central City. Armed with the heart of a hero and the ability to move at super speeds, will Barry be able to save his city from impending doom?","Season 2","23","/8xWZPVX1cv9V5YD1RPeLj9QZDE9.jpg"
"456","tv","27","68067","","Season 27","22","/aw26dkO0PnxD0EfYWXCMUQLFNbI.jpg"
"1434","tv","14","68069","","Season 14","20","/jrEVM9D6IaPcaplHHV6NB95M2m3.jpg"
"31910","tv","15","68281","As the Fourth Great Ninja War rages on, the endless waves of Reanimated Shinobi take their toll as the Allied Shinobi Forces are forced to keep fighting their own fallen friends and comrades. Meanwhile, Naruto deepens his understanding of warfare, learning to sense the disguised White Zetsu sowing confusion and distrust among the Allied Forces. But all the effort and pain aren't for nothing, as Gaara and Ohnoki draw closer than ever to discovering who is really behind this devastating conflict.

Plus, we get a glimpse back into Naruto's training journey with Jiraiya, and join the original Team 7 on a mission when Sasuke was still with them!","Season 15","28","/affGyKilkkmmO4kB3EhDNBWDGw7.jpg"
"63180","tv","1","68428","Four guys quit their jobs to start their own company. Not as easy as it sounds.","Season 1","5",
"63926","tv","1","70631","","Season 1","12","/goJyMNld1sDh9WpUyvBpC2cxT2Q.jpg"
"46922","tv","2","70653","","Malware's Revenge","10","/fVQ1OqPJochTsqeJRWkbFf2ketJ.jpg"
"46922","tv","3","70654","","Incursean Invasion","10","/mOGjMrZug73FVm3MjJp3EDCQ3te.jpg"
"46922","tv","4","70655","","Duel of the Duplicates","10","/vpyWSrtXsjoB1gisIY1IByjjKBW.jpg"
"46922","tv","5","70656","","Galactic Monsters","10","/jXRDr9OekQg9KVtt20P2Ybxikrt.jpg"
"46922","tv","6","70657","","The Evil Rooters","10","/8viWHzbYsNjStfXMCvUlO3EJXet.jpg"
"46922","tv","7","70658","","The Mad Nightmare","10","/nXOH7AOWMwC0yDE7wniEIurxNHu.jpg"
"46922","tv","8","70659","","The Time War","10","/qKwRIFmbY9oAabrhY5BXtgVBG7H.jpg"
"31910","tv","17","71087","With Kakashi unable to get through to Obito, Naruto leaps to his Sensei's defense. The release of Ten Tails forces the Allied Shinobi Forces into an assault on Obito and Madara, but the powerful Tailed Beast proves to be a formidable enemy. The devastation is severe, but Hinata's words spur Naruto to continue fighting with renewed energy, while help arrives from unexpected quarters - including an old adversary! Will Naruto and the Allied Shinobi's efforts be enough to fend off destruction?","Season 17","11","/x2JatF6l3PDCmYtozS4U9I0cKSW.jpg"
"60863","tv","2","71126","After losing against Aoba Johsai, the whole Karasuno team feels at a loss. Especially Kageyama and Hinata, who seem to be the most devastated about the defeat. However, the team soon cheers up when a chance for them to go to Tokyo appears. During their training camp there, Karasuno will meet new formidable opponents.","Haikyu!! Second Season","25","/3TUUTiiuvjKg8BcnrGbuuj2Ov5L.jpg"
"1399","tv","6","71881","Following the shocking developments at the conclusion of season five, survivors from all parts of Westeros and Essos regroup to press forward, inexorably, towards their uncertain individual fates. Familiar faces will forge new alliances to bolster their strategic chances at survival, while new characters will emerge to challenge the balance of power in the east, west, north and south.","Season 6","10","/p1udLh0gfqyZFmXBGa393gk8go5.jpg"
"31910","tv","18","72068","On the same side once more, Naruto and Sasuke prepare for battle as Obito absorbs the power of Ten Tails to become the tailed beast's Jinchuriki. As the other shinobi watch helplessly, Obito summons the Divine Tree and begins absorbing their chakra as he prepares to perform the Infinite Tsukuyomi. Naruto and his friends must rally their despairing allies to defeat Obito. But will the final battle truly be physical - or will it be a test of wills?","Season 18","21","/2QlwSiSFmU8yYiKQtVrJTBDvcyH.jpg"
"31910","tv","16","72069","Years before he became Naruto's teacher, Kakashi served as a member of the ANBU Black Ops team, so ruthless he earned the nickname ""Cold-blooded Kakashi."" But despite his reputation, he is haunted by the deaths of his closest friends during the Third Great Ninja War.

As he wrestles with his loss, Kakashi must uncover who is behind illegal genetic experimentation, survive threats from within his own organisation, escape capture at the hands of Orochimaru's followers, and battle a young shinobi who possesses formidable and very rare Wood Style Jutsu. And after these trials, another young ninja joins his unit–Itachi Uchiha!","Season 16","13","/vnScm9qQvoyKdPjJh11nZoGygK.jpg"
"64464","tv","1","72124","","Miniseries","8","/5EJGeeuPy19EGDy8HErpbHba0yq.jpg"
"31910","tv","19","72397","Naruto and the Allied Shinobi manage to extract Obito’s Tailed Beasts, leaving Madara as the final foe to defeat. Obito realizes the error of his ways, but Black Zetsu prevents him from interfering. Nine Tails is extracted from Naruto, and he and Sasuke are left near death. In the midst of all this, the turbulent history of the Hyuga clan and events that took place in the Leaf Village while Naruto trained with Jiraya are revealed!","Season 19","20","/3ZZmcz65tpGse5Q8Pi8VIck4n0T.jpg"
"2316","tv","1","7240","This season introduced the main characters, and established the general plot, which revolves around Michael Scott, regional manager of the Scranton branch office, trying to convince the filmmakers of the documentary that he presides over a happy, well-running office. Meanwhile, sales rep Jim Halpert finds methods to undermine his cube-mate, Dwight Schrute; receptionist Pam Beesly tries to deal with Michael's insensitivities and flubs; and temporary employee Ryan Howard is acting mostly as an observer of the insanity around him.","Season 1","6","/d71JQWhX75ZE2D383DlIsHVH1In.jpg"
"2316","tv","2","7241","Beginning with ""The Dundies"", the second season further developed into the plot of the fear of company downsizing, along with the introduction of new characters and developing some of the minor ones—especially that of Dwight Schrute. Michael Scott soon starts a relationship with his boss Jan Levenson and, Pam Beesley and Jim Halpert’s relationship become one of the focal points of the season. Their compatibility becomes more obvious as Jim’s feelings for Pam continue to grow, while she struggles with her relationship with the warehouse worker Roy Anderson.","Season 2","22","/sAd3RhOjhTuaIBpyiI1QmB0YUq8.jpg"
"2316","tv","3","7242","The season marked the move of main character Jim Halpert from Scranton to Stamford, and also introduced Rashida Jones as Karen Filippelli, and Ed Helms as Andy Bernard—both members of Dunder Mifflin Stamford—as recurring characters. The main plot for the early episodes of the season deals with a recurring problem in seasons one and two—the problem of company downsizing—while in the last half of the season, inter-office relationships also became a major plot point.","Season 3","23","/1SR5ZR0KNHTRvAzFayaKbhKAFSu.jpg"
"2316","tv","6","7243","The sixth season of the American television comedy The Office premiered in the United States on NBC on September 17, 2009, and concluded on May 20, 2010. The season consisted of 22 half-hour episodes, and 2 hour-long episodes.","Season 6","24","/hk3a9U26J726oV8nHTdeMTtH91B.jpg"
"2316","tv","5","7244","The fifth season of the American television comedy The Office premiered in the United States in the 2008–2009 television season on NBC on September 25, 2008 and concluded on May 14, 2009. The fifth season consisted of 28 half-hours of material, divided into 24 half-hour episodes and two hour-long episodes.","Season 5","26","/hwlQxOPGIybqBz5TYYIe6XtOfi4.jpg"
"2316","tv","4","7245","Season four marked the departure of Karen Filippelli as a regular character, although she appeared for a few seconds in the first episode, ""Fun Run"" and in the sixth episode, ""Branch Wars"", as the regional manager of the Utica branch. Relationships again emerged as the main theme of the season, with Jim Halpert and Pam Beesley's rising, and Michael Scott and Jan Levinson's, as well as Dwight Schrute and Angela Martin's declining. Technology was another prevalent theme as the office staff struggled with initiatives introduced by Ryan Howard to modernize the company.","Season 4","14","/zunFI6wdYJQRHnfXnziArUTs2e2.jpg"
"2316","tv","7","7247","The seventh season of the American television comedy The Office premiered on September 23, 2010 and concluded on May 19, 2011. The season consisted of 26 half-hours of material, divided into 22 half-hour episodes and two hour-long episodes.","Season 7","24","/uR3y9BwPA8gnk2nmB6ncQejEe8k.jpg"
"2316","tv","8","7248","The eighth season largely centers around Andy Bernard's ascension to regional manager, as well as the antics of Robert California, the new CEO of Sabre, a fictional printer company that owns Dunder Mifflin. Halfway through the season, Dwight Schrute —along with Jim Halpert, Stanley Hudson, Ryan Howard, Erin Hannon, and Cathy —travel to Florida to help set up a Sabre Store, where Nellie Bertram is introduced.","Season 8","24","/sQLtAEBbQNIXGZyTUt3IK9gX4VE.jpg"
"2316","tv","9","7249","The ninth season largely focuses on the relationship between Jim and Pam Halpert.","Season 9","23","/ncR9y2RApOTSjfggJHjvoIlAqDG.jpg"
"65249","tv","1","73789","","Season 1","12","/9jEkIqyxrlUNmDswPHaAt80O8wD.jpg"
"65329","tv","1","73963","","Season 1","22","/o9SM5Bljnb8IokMbdp1Xij6gMxS.jpg"
"64706","tv","1","75217","","Season 1","12","/kSCqvebbvOwNq7Iy5Rjz2hzALKJ.jpg"
"31910","tv","20","75231","As Naruto and Sasuke lay near death, Kakashi and a reformed Obito prepare to confront Madara together. But Madara has gained the power of the Six Paths, and Guy may have to make the ultimate sacrifice and open the Gate of Death in order to fight him. But even that may not be enough once Madara activates the Infinite Tsukuyomi, trapping everyone in a dream world. Can this incredible power be broken?","Season 20","87","/fT9QSP05JPOKMitqBq0ZDKtfbfx.jpg"
"65930","tv","1","75441","","Season 1","13","/6TKenGHaTGMvlMMKfMBoFHU2mVj.jpg"
"60863","tv","3","76038","After the victory against Aoba Johsai High, Karasuno High School, once called ""a fallen powerhouse, a crow that can't fly,"" has finally reached the climax of the heated Spring tournament. Now, to advance to nationals, the Karasuno team has to defeat the powerhouse Shiratorizawa Academy. Karasuno's greatest hurdle is their adversary's ace, Wakatoshi Ushijima, the number one player in the Miyagi Prefecture, and one of the country's top three aces.

Only the strongest team will make it to the national tournament. Since this match is the third-year players' last chance to qualify for nationals, Karasuno has to use everything they learned during the training camp and prior matches to attain victory. Filled with restlessness and excitement, both teams are determined to come out on top in the third season of Haikyu!!.","Haikyu!! Karasuno High School vs Shiratorizawa Academy","10","/deFGQIm9cKYGr2xt136RUnA9sb5.jpg"
"45783","tv","3","77656","","Season 3","25","/6xusGgDFKnkjQdrgZEf17TRm9wV.jpg"
"66732","tv","1","77680","Strange things are afoot in Hawkins, Indiana, where a young boy's sudden disappearance unearths a young girl with otherworldly powers.","Season 1","8","/rbnuP7hlynAMLdqcQRCpZW9qDkV.jpg"
"46298","tv","3","77711","","Season 3","12","/eHv7DcRol9xrpwE14D4GuRdgcH0.jpg"
"66788","tv","1","77814","After a teenage girl's perplexing suicide, a classmate receives a series of tapes that unravel the mystery of her tragic choice.","Season 1","13","/kTzJ5PrPTZVjLoKeiiShl5Z8Owf.jpg"
"60735","tv","3","77888","Forensic scientist Barry Allen, aka The Flash, is living his dream life. His parents are alive. He's dating beautiful, smart Iris West. And he's able to stand back and let the new speedster in town, Kid Flash, step in to protect Central City. But the better Barry's life gets, the more dangerous it becomes. His nemesis, Reverse Flash, warns Barry of serious repercussions if he remains in the alternate Flashpoint universe: In addition to memory loss, his powers will fade. When disaster strikes, Barry must decide whether to continue life as Barry Allen or return to his universe as The Flash. As Barry deals with his identity crisis, he and the S.T.A.R. Labs team fight off lethal threats from the God of Speed, Savitar.","Season 3","23","/rN1hgV8Ag3bZmkv33Udm93hIxQp.jpg"
"67043","tv","1","78362","","Season 1","12","/pygP9LSYIqmAMt0lbtj5vzDHVfz.jpg"
"246","tv","1","785","Katara and Sokka (a brother and sister from the Southern Water Tribe) discover the Avatar (a 12-year-old Airbender boy named Aang) frozen in an iceberg. Together the three begin their journey to the North Pole to find a master waterbender so Aang can begin his Avatar training!","Book One: Water","20","/tUG6h0rMtQyOgvqI8r9AqxlKoUP.jpg"
"246","tv","3","786","Aang wakes up from his battle with Azula to discover that Ba Sing Se has fallen and the world thinks he's dead. So he and his friends set off undercover across the Fire Nation to find Fire Lord Ozai before the Day of Black Sun. Prince Zuko returns home as the triumphant son, but soon finds the honor he so greatly craved from his father is worthless. New alliances are formed and Team Avatar forges a new plan to stop the Fire Lord. But will they find him in time?","Book Three: Fire","21","/roPE4jaHawj1Dm6uIXJHuLDpkNy.jpg"
"246","tv","2","787","Aang, along with Katara, Sokka, and their animal friends Appa and Momo, continues on his quest to fulfill his destiny as the Avatar. According to the Avatar cycle, the group must now enter the Earth Kingdom to search for a master earthbender to teach Aang.","Book Two: Earth","20","/quX70K1L7vTLQ9vRJcK0kKcNNFA.jpg"
"67389","tv","1","79178","Banri Tada is a newly admitted student at a private law school in Tokyo. However, due to an accident, he lost all of his memories. During his freshman orientation, he encounters another freshman from the same school, Mitsuo Yanagisawa, and they hit it off at once. Without any memory of each other, their lives become more and more intertwined as if set by the hands of fate. But what is their fate, and will it lead to happiness or another memory to forget…

(Source: Crunchyroll)","Golden Time","24","/vm0jpIstSc9cQcD2BxBvtPKaHrS.jpg"
"1434","tv","15","80358","","Season 15","20","/5S5cwcpIRq6fsuF2V9G84uvM00I.jpg"
"456","tv","28","80361","","Season 28","22","/j4GZ2oH5PEWEyZkwuZ41OYLb30W.jpg"
"62640","tv","2","80462","","Season 2","12","/z49IYxGwt32NTsO0L1Gk2vhqF1M.jpg"
"1399","tv","7","81266","The long winter is here. And with it comes a convergence of armies and attitudes that have been brewing for years.","Season 7","7","/oX51n32QyHeFP5kErksemJsJljL.jpg"
"68421","tv","1","81447","In a future where humans can transfer their minds from body to body, a rebel is brought back to life to solve a twisted, high-stakes murder case.","Season 1","10","/kDHceoxkrdtATqCGVozoLyfQKSC.jpg"
"61664","tv","2","83068","The Sensates face growing dangers and harrowing personal battles as they begin to unravel the truth about the shadowy forces out to destroy them.","Season 2","12","/sZHaZU0UiEq9p5q0p9dBmrW31OS.jpg"
"66732","tv","2","83248","It's been nearly a year since Will's strange disappearance. But life's hardly back to normal in Hawkins. Not even close.","Stranger Things 2","9","/lXS60geme1LlEob5Wgvj3KilClA.jpg"
"69710","tv","1","84010","","Season 1","5","/hfLydUMHjoDywxPd8tVJojk3yH0.jpg"
"1429","tv","2","84756","Eren Yeager and others of the 104th Training Corps have just begun to become full members of the Survey Corps. As they ready themselves to face the Titans once again, their preparations are interrupted by the invasion of Wall Rose—but all is not as it seems as more mysteries are unraveled. As the Survey Corps races to save the wall, they uncover more about the invading Titans and the dark secrets of their own members.","Season 2","12","/2fhK0wbFixskgRyuq6YvaMn75et.jpg"
"70523","tv","1","85712","","Season 1","10","/spN6icwSwuAuOcuZLC9bKjK6N2i.jpg"
"70880","tv","1","86519","","Season 1","12","/2bpndpu56tH2Vl02fQpmTpdOkLe.jpg"
"65930","tv","2","86525","","Season 2","25","/bLggKZhdEHhvax9jeT95MDxM6CA.jpg"
"60625","tv","3","86926","Rick and Morty travel to Atlantis and take some time to relax, plus Rick turns himself into a pickle and faces off against the president.","Season 3","10","/41UlCD6eBVcbwCbwa52Ir4n3iRs.jpg"
"71446","tv","1","87809","Under the guidance of The Professor, a group of eight very peculiar robbers have attacked the National Coinage and Stamp Factory of Spain and took hostages to carry out the most perfect robbery in the history, aiming to take home 2.4 billion Euros in cash.","Season 1","15","/p0QHfM7Qn5sV8cDqyH0Eegqa5P8.jpg"
"72296","tv","1","89418","","Season 1","10","/iQkLSN2JwQUHK5RxHafKc2hwIFI.jpg"
"60735","tv","4","90247","The mission of Barry Allen, aka The Flash, is once more to protect Central City from metahuman threats. But with Barry trapped in the Speed Force, this mission falls to his family – Detective Joe West; fiancée Iris West; and Wally West/Kid Flash – and the team at S.T.A.R. Labs: Caitlin Snow/Killer Frost, Cisco Ramon/Vibe and brilliant scientist Harrison Wells. When a powerful villain threatens to level the city unless The Flash appears, Cisco risks everything to free Barry. But this is only the first move in a deadly game with Clifford DeVoe, aka The Thinker, a mastermind who’s always ten steps ahead of Barry, no matter how fast Barry runs.","Season 4","23","/zBF3wcUp3SgnlYNOXQeaDg5XfTu.jpg"
"456","tv","29","91255","","Season 29","21","/f5W9ipu1GvLwchYRRu9OE9MrpAk.jpg"
"73223","tv","1","91272","","Season 1","170","/9uVc2OcVuP7VTUy7JpCCZpCiv2E.jpg"
"1434","tv","16","93251","","Season 16","20","/9fWyKwlNixU6hncPy4vc37sHEzr.jpg"
"74866","tv","1","94801","","Season 1","13","/zgEqMcoo09VmisL9uMEXW9ygl0Y.jpg"
"75865","tv","1","96901","","Season 1","12","/bZxlIp4s1yLsmIiUN2o1ntijoo6.jpg"
"75986","tv","1","97137","","Season 1","13","/etqNjVOqHJYLQnmsbPkKWQuJyuA.jpg"
"74866","tv","3","97193","","Season 3","13","/5KksBUoDQ5aeGPKzupxjMBxJDwU.jpg"
"1429","tv","3","98013","Eren and his companions in the 104th are assigned to the newly-formed Levi Squad, whose assignment is to keep Eren and Historia safe given Eren's newly-discovered power and Historia's knowledge and pedigree. Levi and Erwin have good reason to be concerned, because the priest of the Church that Hange had hidden away was found tortured to death, making it clear that the Military Police are involved with the cover-up. Things get more harrowing when the MPs make a move on Erwin and the Levi Squad narrowly avoids capture. Eren is also having problems with his Titan transformation, and a deadly killer has been hired to secure Eren and Historia, one Levi knows all too well from his youth.

Then, hoping to retake Wall Maria and find the answers humanity seeks in Grisha's basement, Eren, Mikasa, Armin and the rest of the Survey Corps return to the town where everything began: Shiganshina.","Season 3","22","/2F3sYFneiKcrwboD0bOqb29cGET.jpg"
"76479","tv","1","98085","The series follows the eponymous Boys (led by Billy Butcher), a group of vigilantes looking to bring down Vought International and expose its corrupt superheroes. When his girlfriend is accidentally killed by A-Train, Hughie Campbell joins the Boys to get revenge against the Seven.","Season 1","8","/g3HjUeFCwKOfBxlM97lv016mnol.jpg"
"76659","tv","1","98462","","Season 1","8","/j4blxUNlu4CiaB07iNO02sWv6hb.jpg"
"45950","tv","4","98556","Issei and the 2nd years attend a class trip to Kyoto for well-deserved relaxation, leaving the senior and junior class students of the Gremory family behind. However, once there, they fall under attack and must win without Rias or their other powerhouses.","High School D×D Hero","13","/a4MYnTC0FhtdZ9I8bEhaNWWbCCZ.jpg"
"61374","tv","3","99777","Two years have passed since the CCG's raid on Anteiku. Although the atmosphere in Tokyo has changed drastically due to the increased influence of the CCG, ghouls continue to pose a problem as they have begun taking caution, especially the terrorist organization Aogiri Tree, who acknowledge the CCG's growing threat to their existence.

The creation of a special team, known as the Quinx Squad, may provide the CCG with the push they need to exterminate Tokyo's unwanted residents. As humans who have undergone surgery in order to make use of the special abilities of ghouls, they participate in operations to eradicate the dangerous creatures. The leader of this group, Haise Sasaki, is a half-ghoul, half-human who has been trained by famed special class investigator, Kishou Arima. However, there's more to this young man than meets the eye, as unknown memories claw at his mind, slowly reminding him of the person he used to be.","Tokyo Ghoul:re","12","/wCn96kKQBRQhImMorf3napmCjfM.jpg"
