"TmdbId","Servie Type","Season Number","Episode Number","Watched","Notes"
"246","tv","1","1","true",
"246","tv","1","2","true",
"246","tv","1","3","true",
"246","tv","1","4","true",
"246","tv","1","5","true",
"246","tv","1","6","true",
"246","tv","1","7","true",
"246","tv","1","8","true",
"246","tv","1","9","true",
"246","tv","1","10","true",
"246","tv","1","11","true",
"246","tv","1","12","true",
"246","tv","1","13","true",
"246","tv","1","14","true",
"246","tv","1","15","true",
"246","tv","1","16","true",
"246","tv","1","17","true",
"246","tv","1","18","true",
"246","tv","1","19","true",
"246","tv","1","20","true",
"246","tv","2","1","true",
"246","tv","2","2","true",
"246","tv","2","3","true",
"246","tv","2","4","true",
"246","tv","2","5","true",
"246","tv","2","6","true",
"246","tv","2","7","true",
"246","tv","2","8","true",
"246","tv","2","9","true",
"246","tv","2","10","true",
"246","tv","2","11","true",
"246","tv","2","12","true",
"246","tv","2","13","true",
"246","tv","2","14","true",
"246","tv","2","15","true",
"246","tv","2","16","true",
"246","tv","2","17","true",
"246","tv","2","18","true",
"246","tv","2","19","true",
"246","tv","2","20","true",
"246","tv","3","1","true",
"246","tv","3","2","true",
"246","tv","3","3","true",
"246","tv","3","4","true",
"246","tv","3","5","true",
"246","tv","3","6","true",
"246","tv","3","7","true",
"246","tv","3","8","true",
"246","tv","3","9","true",
"246","tv","3","10","true",
"246","tv","3","11","true",
"246","tv","3","12","true",
"246","tv","3","13","true",
"246","tv","3","14","true",
"246","tv","3","15","true",
"246","tv","3","16","true",
"246","tv","3","17","true",
"246","tv","3","18","true",
"246","tv","3","19","true",
"246","tv","3","20","true",
"246","tv","3","21","true",
"456","tv","1","1","true",
"456","tv","1","2","true",
"456","tv","1","3","true",
"456","tv","1","4","true",
"890","tv","1","1","true",
"890","tv","1","2","true",
"890","tv","1","3","true",
"890","tv","1","4","true",
"890","tv","1","5","true",
"890","tv","1","6","true",
"890","tv","1","7","true",
"890","tv","1","8","true",
"890","tv","1","9","true",
"890","tv","1","10","true",
"890","tv","1","11","true",
"890","tv","1","12","true",
"890","tv","1","13","true",
"890","tv","1","14","true",
"890","tv","1","15","true",
"890","tv","1","16","true",
"890","tv","1","17","true",
"890","tv","1","18","true",
"890","tv","1","19","true",
"890","tv","1","20","true",
"890","tv","1","21","true",
"890","tv","1","22","true",
"890","tv","1","23","true",
"890","tv","1","24","true",
"890","tv","1","25","true",
"890","tv","1","26","true",
"1396","tv","1","1","true",
"1396","tv","1","2","true",
"1396","tv","1","3","true",
"1396","tv","1","4","true",
"1396","tv","1","5","true",
"1396","tv","1","6","true",
"1396","tv","1","7","true",
"1396","tv","2","1","true",
"1396","tv","2","2","true",
"1396","tv","2","3","true",
"1396","tv","2","4","true",
"1396","tv","2","5","true",
"1396","tv","2","6","true",
"1396","tv","2","7","true",
"1396","tv","2","8","true",
"1396","tv","2","9","true",
"1396","tv","2","10","true",
"1396","tv","2","11","true",
"1396","tv","2","12","true",
"1396","tv","2","13","true",
"1396","tv","3","1","true",
"1396","tv","3","2","true",
"1396","tv","3","3","true",
"1396","tv","3","4","true",
"1396","tv","3","5","true",
"1396","tv","3","6","true",
"1396","tv","3","7","true",
"1396","tv","3","8","true",
"1396","tv","3","9","true",
"1396","tv","3","10","true",
"1396","tv","3","11","true",
"1396","tv","3","12","true",
"1396","tv","3","13","true",
"1396","tv","4","1","true",
"1396","tv","4","2","true",
"1396","tv","4","3","true",
"1396","tv","4","4","true",
"1396","tv","4","5","true",
"1396","tv","4","6","true",
"1396","tv","4","7","true",
"1396","tv","4","8","true",
"1396","tv","4","9","true",
"1396","tv","4","10","true",
"1396","tv","4","11","true",
"1396","tv","4","12","true",
"1396","tv","4","13","true",
"1396","tv","5","1","true",
"1396","tv","5","2","true",
"1396","tv","5","3","true",
"1396","tv","5","4","true",
"1396","tv","5","5","true",
"1396","tv","5","6","true",
"1396","tv","5","7","true",
"1396","tv","5","8","true",
"1396","tv","5","9","true",
"1396","tv","5","10","true",
"1396","tv","5","11","true",
"1396","tv","5","12","true",
"1396","tv","5","13","true",
"1396","tv","5","14","true",
"1396","tv","5","15","true",
"1396","tv","5","16","true",
"1399","tv","1","1","true",
"1399","tv","1","2","true",
"1399","tv","1","3","true",
"1399","tv","1","4","true",
"1399","tv","1","5","true",
"1399","tv","1","6","true",
"1399","tv","1","7","true",
"1399","tv","1","8","true",
"1399","tv","1","9","true",
"1399","tv","1","10","true",
"1399","tv","2","1","true",
"1399","tv","2","2","true",
"1399","tv","2","3","true",
"1399","tv","2","4","true",
"1399","tv","2","5","true",
"1399","tv","2","6","true",
"1399","tv","2","7","true",
"1399","tv","2","8","true",
"1399","tv","2","9","true",
"1399","tv","2","10","true",
"1399","tv","3","1","true",
"1399","tv","3","2","true",
"1399","tv","3","3","true",
"1399","tv","3","4","true",
"1399","tv","3","5","true",
"1399","tv","3","6","true",
"1399","tv","3","7","true",
"1399","tv","3","8","true",
"1399","tv","3","9","true",
"1399","tv","3","10","true",
"1399","tv","4","1","true",
"1399","tv","4","2","true",
"1399","tv","4","3","true",
"1399","tv","4","4","true",
"1399","tv","4","5","true",
"1399","tv","4","6","true",
"1399","tv","4","7","true",
"1399","tv","4","8","true",
"1399","tv","4","9","true",
"1399","tv","4","10","true",
"1399","tv","5","1","true",
"1399","tv","5","2","true",
"1399","tv","5","3","true",
"1399","tv","5","4","true",
"1399","tv","5","5","true",
"1399","tv","5","6","true",
"1399","tv","5","7","true",
"1399","tv","5","8","true",
"1399","tv","5","9","true",
"1399","tv","5","10","true",
"1399","tv","6","1","true",
"1399","tv","6","2","true",
"1399","tv","6","3","true",
"1399","tv","6","4","true",
"1399","tv","6","5","true",
"1399","tv","6","6","true",
"1399","tv","6","7","true",
"1399","tv","6","8","true",
"1399","tv","6","9","true",
"1399","tv","6","10","true",
"1399","tv","7","1","true",
"1399","tv","7","2","true",
"1399","tv","7","3","true",
"1399","tv","7","4","true",
"1399","tv","7","5","true",
"1399","tv","7","6","true",
"1399","tv","7","7","true",
"1399","tv","8","1","true",
"1399","tv","8","2","true",
"1399","tv","8","3","true",
"1399","tv","8","4","true",
"1399","tv","8","5","true",
"1399","tv","8","6","true",
"1429","tv","1","1","true",
"1429","tv","1","2","true",
"1429","tv","1","3","true",
"1429","tv","1","4","true",
"1429","tv","1","5","true",
"1429","tv","1","6","true",
"1429","tv","1","7","true",
"1429","tv","1","8","true",
"1429","tv","1","9","true",
"1429","tv","1","10","true",
"1429","tv","1","11","true",
"1429","tv","1","12","true",
"1429","tv","1","13","true",
"1429","tv","1","14","true",
"1429","tv","1","15","true",
"1429","tv","1","16","true",
"1429","tv","1","17","true",
"1429","tv","1","18","true",
"1429","tv","1","19","true",
"1429","tv","1","20","true",
"1429","tv","1","21","true",
"1429","tv","1","22","true",
"1429","tv","1","23","true",
"1429","tv","1","24","true",
"1429","tv","1","25","true",
"1429","tv","2","1","true",
"1429","tv","2","2","true",
"1429","tv","2","3","true",
"1429","tv","2","4","true",
"1429","tv","2","5","true",
"1429","tv","2","6","true",
"1429","tv","2","7","true",
"1429","tv","2","8","true",
"1429","tv","2","9","true",
"1429","tv","2","10","true",
"1429","tv","2","11","true",
"1429","tv","2","12","true",
"1429","tv","3","1","true",
"1429","tv","3","2","true",
"1429","tv","3","3","true",
"1429","tv","3","4","true",
"1429","tv","3","5","true",
"1429","tv","3","6","true",
"1429","tv","3","7","true",
"1429","tv","3","8","true",
"1429","tv","3","9","true",
"1429","tv","3","10","true",
"1429","tv","3","11","true",
"1429","tv","3","12","true",
"1429","tv","3","13","true",
"1429","tv","3","14","true",
"1429","tv","3","15","true",
"1429","tv","3","16","true",
"1429","tv","3","17","true",
"1429","tv","3","18","true",
"1429","tv","3","19","true",
"1429","tv","3","20","true",
"1429","tv","3","21","true",
"1429","tv","3","22","true",
"1429","tv","4","1","true",
"1429","tv","4","2","true",
"1429","tv","4","3","true",
"1429","tv","4","4","true",
"1429","tv","4","5","true",
"1429","tv","4","6","true",
"1429","tv","4","7","true",
"1429","tv","4","8","true",
"1429","tv","4","9","true",
"1429","tv","4","10","true",
"1429","tv","4","11","true",
"1429","tv","4","12","true",
"1429","tv","4","13","true",
"1429","tv","4","14","true",
"1429","tv","4","15","true",
"1429","tv","4","16","true",
"1429","tv","4","17","true",
"1429","tv","4","18","true",
"1429","tv","4","19","true",
"1429","tv","4","20","true",
"1429","tv","4","21","true",
"1429","tv","4","22","true",
"1429","tv","4","23","true",
"1429","tv","4","24","true",
"1429","tv","4","25","true",
"1429","tv","4","26","true",
"1429","tv","4","27","true",
"1429","tv","4","28","true",
"1434","tv","1","1","true",
"1434","tv","1","2","true",
"1434","tv","1","3","true",
"1434","tv","1","4","true",
"1668","tv","1","1","true",
"1668","tv","1","2","true",
"1668","tv","1","3","true",
"1668","tv","1","4","true",
"1668","tv","1","5","true",
"1668","tv","1","6","true",
"1668","tv","1","7","true",
"1668","tv","1","8","true",
"1668","tv","1","9","true",
"1668","tv","1","10","true",
"1668","tv","1","11","true",
"1668","tv","1","12","true",
"1668","tv","1","13","true",
"1668","tv","1","14","true",
"1668","tv","1","15","true",
"1668","tv","1","16","true",
"1668","tv","1","17","true",
"1668","tv","1","18","true",
"1668","tv","1","19","true",
"1668","tv","1","20","true",
"1668","tv","1","21","true",
"1668","tv","1","22","true",
"1668","tv","1","23","true",
"1668","tv","1","24","true",
"1668","tv","2","1","true",
"1668","tv","2","2","true",
"1668","tv","2","3","true",
"1668","tv","2","4","true",
"1668","tv","2","5","true",
"1668","tv","2","6","true",
"1668","tv","2","7","true",
"1668","tv","2","8","true",
"1668","tv","2","9","true",
"1668","tv","2","10","true",
"1668","tv","2","11","true",
"1668","tv","2","12","true",
"1668","tv","2","13","true",
"1668","tv","2","14","true",
"1668","tv","2","15","true",
"1668","tv","2","16","true",
"1668","tv","2","17","true",
"1668","tv","2","18","true",
"1668","tv","2","19","true",
"1668","tv","2","20","true",
"1668","tv","2","21","true",
"1668","tv","2","22","true",
"1668","tv","2","23","true",
"1668","tv","2","24","true",
"1668","tv","3","1","true",
"1668","tv","3","2","true",
"1668","tv","3","3","true",
"1668","tv","3","4","true",
"1668","tv","3","5","true",
"1668","tv","3","6","true",
"1668","tv","3","7","true",
"1668","tv","3","8","true",
"1668","tv","3","9","true",
"1668","tv","3","10","true",
"1668","tv","3","11","true",
"1668","tv","3","12","true",
"1668","tv","3","13","true",
"1668","tv","3","14","true",
"1668","tv","3","15","true",
"1668","tv","3","16","true",
"1668","tv","3","17","true",
"1668","tv","3","18","true",
"1668","tv","3","19","true",
"1668","tv","3","20","true",
"1668","tv","3","21","true",
"1668","tv","3","22","true",
"1668","tv","3","23","true",
"1668","tv","3","24","true",
"1668","tv","3","25","true",
"1668","tv","4","1","true",
"1668","tv","4","2","true",
"1668","tv","4","3","true",
"1668","tv","4","4","true",
"1668","tv","4","5","true",
"1668","tv","4","6","true",
"1668","tv","4","7","true",
"1668","tv","4","8","true",
"1668","tv","4","9","true",
"1668","tv","4","10","true",
"1668","tv","4","11","true",
"1668","tv","4","12","true",
"1668","tv","4","13","true",
"1668","tv","4","14","true",
"1668","tv","4","15","true",
"1668","tv","4","16","true",
"1668","tv","4","17","true",
"1668","tv","4","18","true",
"1668","tv","4","19","true",
"1668","tv","4","20","true",
"1668","tv","4","21","true",
"1668","tv","4","22","true",
"1668","tv","4","23","true",
"1668","tv","5","1","true",
"1668","tv","5","2","true",
"1668","tv","5","3","true",
"1668","tv","5","4","true",
"1668","tv","5","5","true",
"1668","tv","5","6","true",
"1668","tv","5","7","true",
"1668","tv","5","8","true",
"1668","tv","5","9","true",
"1668","tv","5","10","true",
"1668","tv","5","11","true",
"1668","tv","5","12","true",
"1668","tv","5","13","true",
"1668","tv","5","14","true",
"1668","tv","5","15","true",
"1668","tv","5","16","true",
"1668","tv","5","17","true",
"1668","tv","5","18","true",
"1668","tv","5","19","true",
"1668","tv","5","20","true",
"1668","tv","5","21","true",
"1668","tv","5","22","true",
"1668","tv","5","23","true",
"1668","tv","6","1","true",
"1668","tv","6","2","true",
"1668","tv","6","3","true",
"1668","tv","6","4","true",
"1668","tv","6","5","true",
"1668","tv","6","6","true",
"1668","tv","6","7","true",
"1668","tv","6","8","true",
"1668","tv","6","9","true",
"1668","tv","6","10","true",
"1668","tv","6","11","true",
"1668","tv","6","12","true",
"1668","tv","6","13","true",
"1668","tv","6","14","true",
"1668","tv","6","15","true",
"1668","tv","6","16","true",
"1668","tv","6","17","true",
"1668","tv","6","18","true",
"1668","tv","6","19","true",
"1668","tv","6","20","true",
"1668","tv","6","21","true",
"1668","tv","6","22","true",
"1668","tv","6","23","true",
"1668","tv","7","1","true",
"1668","tv","7","2","true",
"1668","tv","7","3","true",
"1668","tv","7","4","true",
"1668","tv","7","5","true",
"1668","tv","7","6","true",
"1668","tv","7","7","true",
"1668","tv","7","8","true",
"1668","tv","7","9","true",
"1668","tv","7","10","true",
"1668","tv","7","11","true",
"1668","tv","7","12","true",
"1668","tv","7","13","true",
"1668","tv","7","14","true",
"1668","tv","7","15","true",
"1668","tv","7","16","true",
"1668","tv","7","17","true",
"1668","tv","7","18","true",
"1668","tv","7","19","true",
"1668","tv","7","20","true",
"1668","tv","7","21","true",
"1668","tv","7","22","true",
"1668","tv","7","23","true",
"1668","tv","8","1","true",
"1668","tv","8","2","true",
"1668","tv","8","3","true",
"1668","tv","8","4","true",
"1668","tv","8","5","true",
"1668","tv","8","6","true",
"1668","tv","8","7","true",
"1668","tv","8","8","true",
"1668","tv","8","9","true",
"1668","tv","8","10","true",
"1668","tv","8","11","true",
"1668","tv","8","12","true",
"1668","tv","8","13","true",
"1668","tv","8","14","true",
"1668","tv","8","15","true",
"1668","tv","8","16","true",
"1668","tv","8","17","true",
"1668","tv","8","18","true",
"1668","tv","8","19","true",
"1668","tv","8","20","true",
"1668","tv","8","21","true",
"1668","tv","8","22","true",
"1668","tv","8","23","true",
"1668","tv","9","1","true",
"1668","tv","9","2","true",
"1668","tv","9","3","true",
"1668","tv","9","4","true",
"1668","tv","9","5","true",
"1668","tv","9","6","true",
"1668","tv","9","7","true",
"1668","tv","9","8","true",
"1668","tv","9","9","true",
"1668","tv","9","10","true",
"1668","tv","9","11","true",
"1668","tv","9","12","true",
"1668","tv","9","13","true",
"1668","tv","9","14","true",
"1668","tv","9","15","true",
"1668","tv","9","16","true",
"1668","tv","9","17","true",
"1668","tv","9","18","true",
"1668","tv","9","19","true",
"1668","tv","9","20","true",
"1668","tv","9","21","true",
"1668","tv","9","22","true",
"1668","tv","9","23","true",
"1668","tv","10","1","true",
"1668","tv","10","2","true",
"1668","tv","10","3","true",
"1668","tv","10","4","true",
"1668","tv","10","5","true",
"1668","tv","10","6","true",
"1668","tv","10","7","true",
"1668","tv","10","8","true",
"1668","tv","10","9","true",
"1668","tv","10","10","true",
"1668","tv","10","11","true",
"1668","tv","10","12","true",
"1668","tv","10","13","true",
"1668","tv","10","14","true",
"1668","tv","10","15","true",
"1668","tv","10","16","true",
"1668","tv","10","17","true",
"2316","tv","1","1","true",
"2316","tv","1","2","true",
"2316","tv","1","3","true",
"2316","tv","1","4","true",
"2316","tv","1","5","true",
"2316","tv","1","6","true",
"2316","tv","2","1","true",
"2316","tv","2","2","true",
"2316","tv","2","3","true",
"2316","tv","2","4","true",
"2316","tv","2","5","true",
"2316","tv","2","6","true",
"2316","tv","2","7","true",
"2316","tv","2","8","true",
"2316","tv","2","9","true",
"2316","tv","2","10","true",
"2316","tv","2","11","true",
"2316","tv","2","12","true",
"2316","tv","2","13","true",
"2316","tv","2","14","true",
"2316","tv","2","15","true",
"2316","tv","2","16","true",
"2316","tv","2","17","true",
"2316","tv","2","18","true",
"2316","tv","2","19","true",
"2316","tv","2","20","true",
"2316","tv","2","21","true",
"2316","tv","2","22","true",
"2316","tv","3","1","true",
"2316","tv","3","2","true",
"2316","tv","3","3","true",
"2316","tv","3","4","true",
"2316","tv","3","5","true",
"2316","tv","3","6","true",
"2316","tv","3","7","true",
"2316","tv","3","8","true",
"2316","tv","3","9","true",
"2316","tv","3","10","true",
"2316","tv","3","11","true",
"2316","tv","3","12","true",
"2316","tv","3","13","true",
"2316","tv","3","14","true",
"2316","tv","3","15","true",
"2316","tv","3","16","true",
"2316","tv","3","17","true",
"2316","tv","3","18","true",
"2316","tv","3","19","true",
"2316","tv","3","20","true",
"2316","tv","3","21","true",
"2316","tv","3","22","true",
"2316","tv","3","23","true",
"2316","tv","4","1","true",
"2316","tv","4","2","true",
"2316","tv","4","3","true",
"2316","tv","4","4","true",
"2316","tv","4","5","true",
"2316","tv","4","6","true",
"4686","tv","1","1","true",
"4686","tv","1","2","true",
"4686","tv","1","3","true",
"4686","tv","1","4","true",
"4686","tv","1","5","true",
"4686","tv","1","6","true",
"4686","tv","1","7","true",
"4686","tv","1","8","true",
"4686","tv","1","9","true",
"4686","tv","1","10","true",
"4686","tv","1","11","true",
"4686","tv","1","12","true",
"4686","tv","1","13","true",
"4686","tv","2","1","true",
"4686","tv","2","2","true",
"4686","tv","2","3","true",
"4686","tv","2","4","true",
"4686","tv","2","5","true",
"4686","tv","2","6","true",
"4686","tv","2","7","true",
"4686","tv","2","8","true",
"4686","tv","2","9","true",
"4686","tv","2","10","true",
"4686","tv","2","11","true",
"4686","tv","2","12","true",
"4686","tv","2","13","true",
"4686","tv","3","1","true",
"4686","tv","3","2","true",
"4686","tv","3","3","true",
"4686","tv","3","4","true",
"4686","tv","3","5","true",
"4686","tv","3","6","true",
"4686","tv","3","7","true",
"4686","tv","3","8","true",
"4686","tv","3","9","true",
"4686","tv","3","10","true",
"4686","tv","3","11","true",
"4686","tv","3","12","true",
"4686","tv","3","13","true",
"4686","tv","4","1","true",
"4686","tv","4","2","true",
"4686","tv","4","3","true",
"4686","tv","4","4","true",
"4686","tv","4","5","true",
"4686","tv","4","6","true",
"4686","tv","4","7","true",
"4686","tv","4","8","true",
"4686","tv","4","9","true",
"4686","tv","4","10","true",
"4686","tv","4","11","true",
"4686","tv","4","12","true",
"4686","tv","4","13","true",
"12971","tv","1","1","true",
"12971","tv","1","2","true",
"12971","tv","1","3","true",
"12971","tv","1","4","true",
"12971","tv","1","5","true",
"12971","tv","1","6","true",
"12971","tv","1","7","true",
"12971","tv","1","8","true",
"12971","tv","1","9","true",
"12971","tv","1","10","true",
"12971","tv","1","11","true",
"12971","tv","1","12","true",
"12971","tv","1","13","true",
"12971","tv","1","14","true",
"12971","tv","1","15","true",
"12971","tv","1","16","true",
"12971","tv","1","17","true",
"12971","tv","1","18","true",
"12971","tv","1","19","true",
"12971","tv","1","20","true",
"12971","tv","1","21","true",
"12971","tv","1","22","true",
"12971","tv","1","23","true",
"12971","tv","1","24","true",
"12971","tv","1","25","true",
"12971","tv","1","26","true",
"12971","tv","1","27","true",
"12971","tv","1","28","true",
"12971","tv","1","29","true",
"12971","tv","1","30","true",
"12971","tv","1","31","true",
"12971","tv","1","32","true",
"12971","tv","1","33","true",
"12971","tv","1","34","true",
"12971","tv","1","35","true",
"12971","tv","1","36","true",
"12971","tv","1","37","true",
"12971","tv","1","38","true",
"12971","tv","1","39","true",
"12971","tv","2","1","true",
"12971","tv","2","2","true",
"12971","tv","2","3","true",
"12971","tv","2","4","true",
"12971","tv","2","5","true",
"12971","tv","2","6","true",
"12971","tv","2","7","true",
"12971","tv","2","8","true",
"12971","tv","2","9","true",
"12971","tv","2","10","true",
"12971","tv","2","11","true",
"12971","tv","2","12","true",
"12971","tv","2","13","true",
"12971","tv","2","14","true",
"12971","tv","2","15","true",
"12971","tv","2","16","true",
"12971","tv","2","17","true",
"12971","tv","2","18","true",
"12971","tv","2","19","true",
"12971","tv","2","20","true",
"12971","tv","2","21","true",
"12971","tv","2","22","true",
"12971","tv","2","23","true",
"12971","tv","2","24","true",
"12971","tv","2","25","true",
"12971","tv","2","26","true",
"12971","tv","2","27","true",
"12971","tv","2","28","true",
"12971","tv","2","29","true",
"12971","tv","2","30","true",
"12971","tv","2","31","true",
"12971","tv","2","32","true",
"12971","tv","2","33","true",
"12971","tv","2","34","true",
"12971","tv","2","35","true",
"12971","tv","3","1","true",
"12971","tv","3","2","true",
"12971","tv","3","3","true",
"12971","tv","3","4","true",
"12971","tv","3","5","true",
"12971","tv","3","6","true",
"12971","tv","3","7","true",
"12971","tv","3","8","true",
"12971","tv","3","9","true",
"12971","tv","3","10","true",
"12971","tv","3","11","true",
"12971","tv","3","12","true",
"12971","tv","3","13","true",
"12971","tv","3","14","true",
"12971","tv","3","15","true",
"12971","tv","3","16","true",
"12971","tv","3","17","true",
"12971","tv","3","18","true",
"12971","tv","3","19","true",
"12971","tv","3","20","true",
"12971","tv","3","21","true",
"12971","tv","3","22","true",
"12971","tv","3","23","true",
"12971","tv","3","24","true",
"12971","tv","3","25","true",
"12971","tv","3","26","true",
"12971","tv","3","27","true",
"12971","tv","3","28","true",
"12971","tv","3","29","true",
"12971","tv","3","30","true",
"12971","tv","3","31","true",
"12971","tv","3","32","true",
"12971","tv","3","33","true",
"12971","tv","4","1","true",
"12971","tv","4","2","true",
"12971","tv","4","3","true",
"12971","tv","4","4","true",
"12971","tv","4","5","true",
"12971","tv","4","6","true",
"12971","tv","4","7","true",
"12971","tv","4","8","true",
"12971","tv","4","9","true",
"12971","tv","4","10","true",
"12971","tv","4","11","true",
"12971","tv","4","12","true",
"12971","tv","4","13","true",
"12971","tv","4","14","true",
"12971","tv","4","15","true",
"12971","tv","4","16","true",
"12971","tv","4","17","true",
"12971","tv","4","18","true",
"12971","tv","4","19","true",
"12971","tv","4","20","true",
"12971","tv","4","21","true",
"12971","tv","4","22","true",
"12971","tv","4","23","true",
"12971","tv","4","24","true",
"12971","tv","4","25","true",
"12971","tv","4","26","true",
"12971","tv","4","27","true",
"12971","tv","4","28","true",
"12971","tv","4","29","true",
"12971","tv","4","30","true",
"12971","tv","4","31","true",
"12971","tv","4","32","true",
"12971","tv","5","1","true",
"12971","tv","5","2","true",
"12971","tv","5","3","true",
"12971","tv","5","4","true",
"12971","tv","5","5","true",
"12971","tv","5","6","true",
"12971","tv","5","7","true",
"12971","tv","5","8","true",
"12971","tv","5","9","true",
"12971","tv","5","10","true",
"12971","tv","5","11","true",
"12971","tv","5","12","true",
"12971","tv","5","13","true",
"12971","tv","5","14","true",
"12971","tv","5","15","true",
"12971","tv","5","16","true",
"12971","tv","5","17","true",
"12971","tv","5","18","true",
"12971","tv","5","19","true",
"12971","tv","5","20","true",
"12971","tv","5","21","true",
"12971","tv","5","22","true",
"12971","tv","5","23","true",
"12971","tv","5","24","true",
"12971","tv","5","25","true",
"12971","tv","5","26","true",
"12971","tv","6","1","true",
"12971","tv","6","2","true",
"12971","tv","6","3","true",
"12971","tv","6","4","true",
"12971","tv","6","5","true",
"12971","tv","6","6","true",
"12971","tv","6","7","true",
"12971","tv","6","8","true",
"12971","tv","6","9","true",
"12971","tv","6","10","true",
"12971","tv","6","11","true",
"12971","tv","6","12","true",
"12971","tv","6","13","true",
"12971","tv","6","14","true",
"12971","tv","6","15","true",
"12971","tv","6","16","true",
"12971","tv","6","17","true",
"12971","tv","6","18","true",
"12971","tv","6","19","true",
"12971","tv","6","20","true",
"12971","tv","6","21","true",
"12971","tv","6","22","true",
"12971","tv","6","23","true",
"12971","tv","6","24","true",
"12971","tv","6","25","true",
"12971","tv","6","26","true",
"12971","tv","6","27","true",
"12971","tv","6","28","true",
"12971","tv","6","29","true",
"12971","tv","7","1","true",
"12971","tv","7","2","true",
"12971","tv","7","3","true",
"12971","tv","7","4","true",
"12971","tv","7","5","true",
"12971","tv","7","6","true",
"12971","tv","7","7","true",
"12971","tv","7","8","true",
"12971","tv","7","9","true",
"12971","tv","7","10","true",
"12971","tv","7","11","true",
"12971","tv","7","12","true",
"12971","tv","7","13","true",
"12971","tv","7","14","true",
"12971","tv","7","15","true",
"12971","tv","7","16","true",
"12971","tv","7","17","true",
"12971","tv","7","18","true",
"12971","tv","7","19","true",
"12971","tv","7","20","true",
"12971","tv","7","21","true",
"12971","tv","7","22","true",
"12971","tv","7","23","true",
"12971","tv","7","24","true",
"12971","tv","7","25","true",
"12971","tv","8","1","true",
"12971","tv","8","2","true",
"12971","tv","8","3","true",
"12971","tv","8","4","true",
"12971","tv","8","5","true",
"12971","tv","8","6","true",
"12971","tv","8","7","true",
"12971","tv","8","8","true",
"12971","tv","8","9","true",
"12971","tv","8","10","true",
"12971","tv","8","11","true",
"12971","tv","8","12","true",
"12971","tv","8","13","true",
"12971","tv","8","14","true",
"12971","tv","8","15","true",
"12971","tv","8","16","true",
"12971","tv","8","17","true",
"12971","tv","8","18","true",
"12971","tv","8","19","true",
"12971","tv","8","20","true",
"12971","tv","8","21","true",
"12971","tv","8","22","true",
"12971","tv","8","23","true",
"12971","tv","8","24","true",
"12971","tv","8","25","true",
"12971","tv","8","26","true",
"12971","tv","8","27","true",
"12971","tv","8","28","true",
"12971","tv","8","29","true",
"12971","tv","8","30","true",
"12971","tv","8","31","true",
"12971","tv","8","32","true",
"12971","tv","8","33","true",
"12971","tv","8","34","true",
"12971","tv","9","1","true",
"12971","tv","9","2","true",
"12971","tv","9","3","true",
"12971","tv","9","4","true",
"12971","tv","9","5","true",
"12971","tv","9","6","true",
"12971","tv","9","7","true",
"12971","tv","9","8","true",
"12971","tv","9","9","true",
"12971","tv","9","10","true",
"12971","tv","9","11","true",
"12971","tv","9","12","true",
"12971","tv","9","13","true",
"12971","tv","9","14","true",
"12971","tv","9","15","true",
"12971","tv","9","16","true",
"12971","tv","9","17","true",
"12971","tv","9","18","true",
"12971","tv","9","19","true",
"12971","tv","9","20","true",
"12971","tv","9","21","true",
"12971","tv","9","22","true",
"12971","tv","9","23","true",
"12971","tv","9","24","true",
"12971","tv","9","25","true",
"12971","tv","9","26","true",
"12971","tv","9","27","true",
"12971","tv","9","28","true",
"12971","tv","9","29","true",
"12971","tv","9","30","true",
"12971","tv","9","31","true",
"12971","tv","9","32","true",
"12971","tv","9","33","true",
"12971","tv","9","34","true",
"12971","tv","9","35","true",
"12971","tv","9","36","true",
"12971","tv","9","37","true",
"12971","tv","9","38","true",
"13916","tv","1","1","true",
"13916","tv","1","2","true",
"13916","tv","1","3","true",
"13916","tv","1","4","true",
"13916","tv","1","5","true",
"13916","tv","1","6","true",
"13916","tv","1","7","true",
"13916","tv","1","8","true",
"13916","tv","1","9","true",
"13916","tv","1","10","true",
"13916","tv","1","11","true",
"13916","tv","1","12","true",
"13916","tv","1","13","true",
"13916","tv","1","14","true",
"13916","tv","1","15","true",
"13916","tv","1","16","true",
"13916","tv","1","17","true",
"13916","tv","1","18","true",
"13916","tv","1","19","true",
"13916","tv","1","20","true",
"13916","tv","1","21","true",
"13916","tv","1","22","true",
"13916","tv","1","23","true",
"13916","tv","1","24","true",
"13916","tv","1","25","true",
"13916","tv","1","26","true",
"13916","tv","1","27","true",
"13916","tv","1","28","true",
"13916","tv","1","29","true",
"13916","tv","1","30","true",
"13916","tv","1","31","true",
"13916","tv","1","32","true",
"13916","tv","1","33","true",
"13916","tv","1","34","true",
"13916","tv","1","35","true",
"13916","tv","1","36","true",
"13916","tv","1","37","true",
"19885","tv","1","1","true",
"19885","tv","1","2","true",
"30981","tv","1","1","true",
"30981","tv","1","2","true",
"30981","tv","1","3","true",
"30981","tv","1","4","true",
"30981","tv","1","5","true",
"30981","tv","1","6","true",
"30981","tv","1","7","true",
"30981","tv","1","8","true",
"30981","tv","1","9","true",
"30981","tv","1","10","true",
"30981","tv","1","11","true",
"30981","tv","1","12","true",
"30981","tv","1","13","true",
"30981","tv","1","14","true",
"30981","tv","1","15","true",
"30981","tv","1","16","true",
"30981","tv","1","17","true",
"30981","tv","1","18","true",
"30981","tv","1","19","true",
"30981","tv","1","20","true",
"30981","tv","1","21","true",
"30981","tv","1","22","true",
"30981","tv","1","23","true",
"30981","tv","1","24","true",
"30981","tv","1","25","true",
"30981","tv","1","26","true",
"30981","tv","1","27","true",
"30981","tv","1","28","true",
"30981","tv","1","29","true",
"30981","tv","1","30","true",
"30981","tv","1","31","true",
"30981","tv","1","32","true",
"30981","tv","1","33","true",
"30981","tv","1","34","true",
"30981","tv","1","35","true",
"30981","tv","1","36","true",
"30981","tv","1","37","true",
"30981","tv","1","38","true",
"30981","tv","1","39","true",
"30981","tv","1","40","true",
"30981","tv","1","41","true",
"30981","tv","1","42","true",
"30981","tv","1","43","true",
"30981","tv","1","44","true",
"30981","tv","1","45","true",
"30981","tv","1","46","true",
"30981","tv","1","47","true",
"30981","tv","1","48","true",
"30981","tv","1","49","true",
"30981","tv","1","50","true",
"30991","tv","1","1","true",
"30991","tv","1","2","true",
"30991","tv","1","3","true",
"30991","tv","1","4","true",
"30991","tv","1","5","true",
"30991","tv","1","6","true",
"30991","tv","1","7","true",
"30991","tv","1","8","true",
"30991","tv","1","9","true",
"30991","tv","1","10","true",
"30991","tv","1","11","true",
"30991","tv","1","12","true",
"30991","tv","1","13","true",
"30991","tv","1","14","true",
"30991","tv","1","15","true",
"30991","tv","1","16","true",
"30991","tv","1","17","true",
"30991","tv","1","18","true",
"30991","tv","1","19","true",
"30991","tv","1","20","true",
"30991","tv","1","21","true",
"30991","tv","1","22","true",
"30991","tv","1","23","true",
"30991","tv","1","24","true",
"30991","tv","1","25","true",
"30991","tv","1","26","true",
"31910","tv","1","1","true",
"31910","tv","1","2","true",
"31910","tv","1","3","true",
"31910","tv","1","4","true",
"31910","tv","1","5","true",
"31910","tv","1","6","true",
"31910","tv","1","7","true",
"31910","tv","1","8","true",
"31910","tv","1","9","true",
"31910","tv","1","10","true",
"31910","tv","1","11","true",
"31910","tv","1","12","true",
"31910","tv","1","13","true",
"31910","tv","1","14","true",
"31910","tv","1","15","true",
"31910","tv","1","16","true",
"31910","tv","1","17","true",
"31910","tv","1","18","true",
"31910","tv","1","19","true",
"31910","tv","1","20","true",
"31910","tv","1","21","true",
"31910","tv","1","22","true",
"31910","tv","1","23","true",
"31910","tv","1","24","true",
"31910","tv","1","25","true",
"31910","tv","1","26","true",
"31910","tv","1","27","true",
"31910","tv","1","28","true",
"31910","tv","1","29","true",
"31910","tv","1","30","true",
"31910","tv","1","31","true",
"31910","tv","1","32","true",
"31910","tv","2","33","true",
"31910","tv","2","34","true",
"31910","tv","2","35","true",
"31910","tv","2","36","true",
"31910","tv","2","37","true",
"31910","tv","2","38","true",
"31910","tv","2","39","true",
"31910","tv","2","40","true",
"31910","tv","2","41","true",
"31910","tv","2","42","true",
"31910","tv","2","43","true",
"31910","tv","2","44","true",
"31910","tv","2","45","true",
"31910","tv","2","46","true",
"31910","tv","2","47","true",
"31910","tv","2","48","true",
"31910","tv","2","49","true",
"31910","tv","2","50","true",
"31910","tv","2","51","true",
"31910","tv","2","52","true",
"31910","tv","2","53","true",
"31910","tv","3","54","true",
"31910","tv","3","55","true",
"31910","tv","3","56","true",
"31910","tv","3","57","true",
"31910","tv","3","58","true",
"31910","tv","3","59","true",
"31910","tv","3","60","true",
"31910","tv","3","61","true",
"31910","tv","3","62","true",
"31910","tv","3","63","true",
"31910","tv","3","64","true",
"31910","tv","3","65","true",
"31910","tv","3","66","true",
"31910","tv","3","67","true",
"31910","tv","3","68","true",
"31910","tv","3","69","true",
"31910","tv","3","70","true",
"31910","tv","3","71","true",
"31910","tv","4","72","true",
"31910","tv","4","73","true",
"31910","tv","4","74","true",
"31910","tv","4","75","true",
"31910","tv","4","76","true",
"31910","tv","4","77","true",
"31910","tv","4","78","true",
"31910","tv","4","79","true",
"31910","tv","4","80","true",
"31910","tv","4","81","true",
"31910","tv","4","82","true",
"31910","tv","4","83","true",
"31910","tv","4","84","true",
"31910","tv","4","85","true",
"31910","tv","4","86","true",
"31910","tv","4","87","true",
"31910","tv","4","88","true",
"31910","tv","5","89","true",
"31910","tv","5","90","true",
"31910","tv","5","91","true",
"31910","tv","5","92","true",
"31910","tv","5","93","true",
"31910","tv","5","94","true",
"31910","tv","5","95","true",
"31910","tv","5","96","true",
"31910","tv","5","97","true",
"31910","tv","5","98","true",
"31910","tv","5","99","true",
"31910","tv","5","100","true",
"31910","tv","5","101","true",
"31910","tv","5","102","true",
"31910","tv","5","103","true",
"31910","tv","5","104","true",
"31910","tv","5","105","true",
"31910","tv","5","106","true",
"31910","tv","5","107","true",
"31910","tv","5","108","true",
"31910","tv","5","109","true",
"31910","tv","5","110","true",
"31910","tv","5","111","true",
"31910","tv","5","112","true",
"31910","tv","6","113","true",
"31910","tv","6","114","true",
"31910","tv","6","115","true",
"31910","tv","6","116","true",
"31910","tv","6","117","true",
"31910","tv","6","118","true",
"31910","tv","6","119","true",
"31910","tv","6","120","true",
"31910","tv","6","121","true",
"31910","tv","6","122","true",
"31910","tv","6","123","true",
"31910","tv","6","124","true",
"31910","tv","6","125","true",
"31910","tv","6","126","true",
"31910","tv","6","127","true",
"31910","tv","6","128","true",
"31910","tv","6","129","true",
"31910","tv","6","130","true",
"31910","tv","6","131","true",
"31910","tv","6","132","true",
"31910","tv","6","133","true",
"31910","tv","6","134","true",
"31910","tv","6","135","true",
"31910","tv","6","136","true",
"31910","tv","6","137","true",
"31910","tv","6","138","true",
"31910","tv","6","139","true",
"31910","tv","6","140","true",
"31910","tv","6","141","true",
"31910","tv","6","142","true",
"31910","tv","6","143","true",
"31910","tv","7","144","true",
"31910","tv","7","145","true",
"31910","tv","7","146","true",
"31910","tv","7","147","true",
"31910","tv","7","148","true",
"31910","tv","7","149","true",
"31910","tv","7","150","true",
"31910","tv","7","151","true",
"31910","tv","8","152","true",
"31910","tv","8","153","true",
"31910","tv","8","154","true",
"31910","tv","8","155","true",
"31910","tv","8","156","true",
"31910","tv","8","157","true",
"31910","tv","8","158","true",
"31910","tv","8","159","true",
"31910","tv","8","160","true",
"31910","tv","8","161","true",
"31910","tv","8","162","true",
"31910","tv","8","163","true",
"31910","tv","8","164","true",
"31910","tv","8","165","true",
"31910","tv","8","166","true",
"31910","tv","8","167","true",
"31910","tv","8","168","true",
"31910","tv","8","169","true",
"31910","tv","8","170","true",
"31910","tv","8","171","true",
"31910","tv","8","172","true",
"31910","tv","8","173","true",
"31910","tv","8","174","true",
"31910","tv","8","175","true",
"31911","tv","1","1","true",
"31911","tv","1","2","true",
"31911","tv","1","3","true",
"31911","tv","1","4","true",
"31911","tv","1","5","true",
"31911","tv","1","6","true",
"31911","tv","1","7","true",
"31911","tv","1","8","true",
"31911","tv","1","9","true",
"31911","tv","1","10","true",
"31911","tv","1","11","true",
"31911","tv","1","12","true",
"31911","tv","1","13","true",
"31911","tv","1","14","true",
"31911","tv","1","15","true",
"31911","tv","1","16","true",
"31911","tv","1","17","true",
"31911","tv","1","18","true",
"31911","tv","1","19","true",
"31911","tv","1","20","true",
"31911","tv","1","21","true",
"31911","tv","1","22","true",
"31911","tv","1","23","true",
"31911","tv","1","24","true",
"31911","tv","1","25","true",
"31911","tv","1","26","true",
"31911","tv","1","27","true",
"31911","tv","1","28","true",
"31911","tv","1","29","true",
"31911","tv","1","30","true",
"31911","tv","1","31","true",
"31911","tv","1","32","true",
"31911","tv","1","33","true",
"31911","tv","1","34","true",
"31911","tv","1","35","true",
"31911","tv","1","36","true",
"31911","tv","1","37","true",
"31911","tv","1","38","true",
"31911","tv","1","39","true",
"31911","tv","1","40","true",
"31911","tv","1","41","true",
"31911","tv","1","42","true",
"31911","tv","1","43","true",
"31911","tv","1","44","true",
"31911","tv","1","45","true",
"31911","tv","1","46","true",
"31911","tv","1","47","true",
"31911","tv","1","48","true",
"31911","tv","1","49","true",
"31911","tv","1","50","true",
"31911","tv","1","51","true",
"31911","tv","1","52","true",
"31911","tv","1","53","true",
"31911","tv","1","54","true",
"31911","tv","1","55","true",
"31911","tv","1","56","true",
"31911","tv","1","57","true",
"31911","tv","1","58","true",
"31911","tv","1","59","true",
"31911","tv","1","60","true",
"31911","tv","1","61","true",
"31911","tv","1","62","true",
"31911","tv","1","63","true",
"31911","tv","1","64","true",
"33880","tv","1","1","true",
"33880","tv","1","2","true",
"33880","tv","1","3","true",
"33880","tv","1","4","true",
"33880","tv","1","5","true",
"33880","tv","1","6","true",
"33880","tv","1","7","true",
"33880","tv","1","8","true",
"33880","tv","1","9","true",
"33880","tv","1","10","true",
"33880","tv","1","11","true",
"33880","tv","1","12","true",
"33880","tv","2","1","true",
"33880","tv","2","2","true",
"33880","tv","2","3","true",
"33880","tv","2","4","true",
"33880","tv","2","5","true",
"33880","tv","2","6","true",
"33880","tv","2","7","true",
"33880","tv","2","8","true",
"33880","tv","2","9","true",
"33880","tv","2","10","true",
"33880","tv","2","11","true",
"33880","tv","2","12","true",
"33880","tv","2","13","true",
"33880","tv","2","14","true",
"33880","tv","3","1","true",
"33880","tv","3","2","true",
"33880","tv","3","3","true",
"33880","tv","3","4","true",
"33880","tv","3","5","true",
"33880","tv","3","6","true",
"33880","tv","3","7","true",
"33880","tv","3","8","true",
"33880","tv","3","9","true",
"33880","tv","3","10","true",
"33880","tv","3","11","true",
"33880","tv","3","12","true",
"33880","tv","3","13","true",
"33880","tv","4","1","true",
"33880","tv","4","2","true",
"33880","tv","4","3","true",
"33880","tv","4","4","true",
"33880","tv","4","5","true",
"33880","tv","4","6","true",
"33880","tv","4","7","true",
"33880","tv","4","8","true",
"33880","tv","4","9","true",
"33880","tv","4","10","true",
"33880","tv","4","11","true",
"33880","tv","4","12","true",
"33880","tv","4","13","true",
"40424","tv","1","1","true",
"40424","tv","1","2","true",
"40424","tv","1","3","true",
"40424","tv","1","4","true",
"40424","tv","1","5","true",
"40424","tv","1","6","true",
"40424","tv","1","7","true",
"40424","tv","1","8","true",
"40424","tv","1","9","true",
"40424","tv","1","10","true",
"40424","tv","1","11","true",
"40424","tv","1","12","true",
"40424","tv","1","13","true",
"40424","tv","1","14","true",
"40424","tv","1","15","true",
"40424","tv","1","16","true",
"40424","tv","1","17","true",
"40424","tv","1","18","true",
"40424","tv","1","19","true",
"40424","tv","1","20","true",
"40424","tv","1","21","true",
"40424","tv","1","22","true",
"40424","tv","1","23","true",
"40424","tv","1","24","true",
"40424","tv","1","25","true",
"40424","tv","1","26","true",
"40424","tv","2","1","true",
"40424","tv","2","2","true",
"40424","tv","2","3","true",
"40424","tv","2","4","true",
"40424","tv","2","5","true",
"40424","tv","2","6","true",
"40424","tv","2","7","true",
"40424","tv","2","8","true",
"40424","tv","2","9","true",
"40424","tv","2","10","true",
"40424","tv","2","11","true",
"40424","tv","2","12","true",
"40424","tv","2","13","true",
"40424","tv","3","1","true",
"40424","tv","3","2","true",
"40424","tv","3","3","true",
"40424","tv","3","4","true",
"40424","tv","3","5","true",
"40424","tv","3","6","true",
"40424","tv","3","7","true",
"40424","tv","3","8","true",
"40424","tv","3","9","true",
"40424","tv","3","10","true",
"40424","tv","3","11","true",
"40424","tv","3","12","true",
"40424","tv","3","13","true",
"40424","tv","3","14","true",
"40424","tv","3","15","true",
"40424","tv","3","16","true",
"40424","tv","3","17","true",
"40424","tv","3","18","true",
"40424","tv","3","19","true",
"40424","tv","3","20","true",
"40424","tv","3","21","true",
"40424","tv","3","22","true",
"40424","tv","3","23","true",
"40424","tv","3","24","true",
"42509","tv","1","1","true",
"42509","tv","1","2","true",
"42509","tv","1","3","true",
"42509","tv","1","4","true",
"42509","tv","1","5","true",
"42509","tv","1","6","true",
"42509","tv","1","7","true",
"42509","tv","1","8","true",
"42509","tv","1","9","true",
"42509","tv","1","10","true",
"42509","tv","1","11","true",
"42509","tv","1","12","true",
"42509","tv","1","13","true",
"42509","tv","1","14","true",
"42509","tv","1","15","true",
"42509","tv","1","16","true",
"42509","tv","1","17","true",
"42509","tv","1","18","true",
"42509","tv","1","19","true",
"42509","tv","1","20","true",
"42509","tv","1","21","true",
"42509","tv","1","22","true",
"42509","tv","1","23","true",
"42509","tv","1","24","true",
"42589","tv","1","1","true",
"42589","tv","1","2","true",
"42589","tv","1","3","true",
"42589","tv","1","4","true",
"42589","tv","1","5","true",
"42589","tv","1","6","true",
"42589","tv","1","7","true",
"42589","tv","1","8","true",
"42589","tv","1","9","true",
"42589","tv","1","10","true",
"42589","tv","1","11","true",
"42589","tv","1","12","true",
"42705","tv","1","1","true",
"42705","tv","1","2","true",
"42705","tv","1","3","true",
"42705","tv","1","4","true",
"42705","tv","1","5","true",
"42705","tv","1","6","true",
"42705","tv","1","7","true",
"42705","tv","1","8","true",
"42705","tv","1","9","true",
"42705","tv","1","10","true",
"42705","tv","1","11","true",
"42705","tv","1","12","true",
"42705","tv","1","13","true",
"42705","tv","1","14","true",
"42705","tv","1","15","true",
"42705","tv","1","16","true",
"42705","tv","1","17","true",
"42705","tv","1","18","true",
"42705","tv","1","19","true",
"42705","tv","1","20","true",
"42705","tv","1","21","true",
"42705","tv","1","22","true",
"42705","tv","1","23","true",
"42705","tv","1","24","true",
"42705","tv","1","25","true",
"42705","tv","1","26","true",
"42705","tv","1","27","true",
"42705","tv","1","28","true",
"42705","tv","1","29","true",
"42705","tv","1","30","true",
"42705","tv","1","31","true",
"42705","tv","1","32","true",
"42705","tv","1","33","true",
"42705","tv","1","34","true",
"42705","tv","1","35","true",
"42705","tv","1","36","true",
"42705","tv","1","37","true",
"42705","tv","1","38","true",
"42705","tv","1","39","true",
"42705","tv","1","40","true",
"42705","tv","1","41","true",
"42705","tv","1","42","true",
"42705","tv","1","43","true",
"42705","tv","1","44","true",
"42705","tv","1","45","true",
"42705","tv","1","46","true",
"42705","tv","1","47","true",
"42705","tv","1","48","true",
"42705","tv","1","49","true",
"42705","tv","1","50","true",
"42705","tv","1","51","true",
"42705","tv","1","52","true",
"42705","tv","1","53","true",
"42705","tv","1","54","true",
"42705","tv","1","55","true",
"42705","tv","1","56","true",
"42705","tv","1","57","true",
"42705","tv","1","58","true",
"42705","tv","1","59","true",
"42705","tv","1","60","true",
"42705","tv","1","61","true",
"42705","tv","1","62","true",
"42705","tv","1","63","true",
"42705","tv","1","64","true",
"42705","tv","1","65","true",
"42705","tv","1","66","true",
"42705","tv","1","67","true",
"42705","tv","1","68","true",
"42705","tv","1","69","true",
"42705","tv","1","70","true",
"42705","tv","1","71","true",
"42705","tv","1","72","true",
"42705","tv","1","73","true",
"42705","tv","1","74","true",
"42705","tv","1","75","true",
"42705","tv","2","1","true",
"42705","tv","2","2","true",
"42705","tv","2","3","true",
"42705","tv","2","4","true",
"43865","tv","1","1","true",
"43865","tv","1","2","true",
"43865","tv","1","3","true",
"43865","tv","1","4","true",
"43865","tv","1","5","true",
"43865","tv","1","6","true",
"43865","tv","1","7","true",
"43865","tv","1","8","true",
"43865","tv","1","9","true",
"43865","tv","1","10","true",
"43865","tv","1","11","true",
"43865","tv","1","12","true",
"43865","tv","1","13","true",
"43865","tv","1","14","true",
"43865","tv","1","15","true",
"43865","tv","1","16","true",
"43865","tv","1","17","true",
"43865","tv","1","18","true",
"43865","tv","1","19","true",
"43865","tv","1","20","true",
"43865","tv","1","21","true",
"43865","tv","1","22","true",
"43865","tv","2","1","true",
"43865","tv","2","2","true",
"43865","tv","2","3","true",
"43865","tv","2","4","true",
"43865","tv","2","5","true",
"43865","tv","2","6","true",
"43865","tv","2","7","true",
"43865","tv","2","8","true",
"43865","tv","2","9","true",
"43865","tv","2","10","true",
"43865","tv","2","11","true",
"45783","tv","1","1","true",
"45783","tv","1","2","true",
"45783","tv","1","3","true",
"45783","tv","1","4","true",
"45783","tv","1","5","true",
"45783","tv","1","6","true",
"45783","tv","1","7","true",
"45783","tv","1","8","true",
"45783","tv","1","9","true",
"45783","tv","1","10","true",
"45783","tv","1","11","true",
"45783","tv","1","12","true",
"45783","tv","1","13","true",
"45783","tv","1","14","true",
"45783","tv","1","15","true",
"45783","tv","1","16","true",
"45783","tv","1","17","true",
"45783","tv","1","18","true",
"45783","tv","1","19","true",
"45783","tv","1","20","true",
"45783","tv","1","21","true",
"45783","tv","1","22","true",
"45783","tv","1","23","true",
"45783","tv","1","24","true",
"45783","tv","1","25","true",
"45783","tv","2","1","true",
"45783","tv","2","2","true",
"45783","tv","2","3","true",
"45783","tv","2","4","true",
"45783","tv","2","5","true",
"45783","tv","2","6","true",
"45783","tv","2","7","true",
"45783","tv","2","8","true",
"45783","tv","2","9","true",
"45783","tv","2","10","true",
"45783","tv","2","11","true",
"45783","tv","2","12","true",
"45783","tv","2","13","true",
"45783","tv","2","14","true",
"45783","tv","2","15","true",
"45783","tv","2","16","true",
"45783","tv","2","17","true",
"45783","tv","2","18","true",
"45783","tv","2","19","true",
"45783","tv","2","20","true",
"45783","tv","2","21","true",
"45783","tv","2","22","true",
"45783","tv","2","23","true",
"45783","tv","2","24","true",
"45783","tv","2","25","true",
"45783","tv","3","1","true",
"45783","tv","3","2","true",
"45783","tv","3","3","true",
"45783","tv","3","4","true",
"45783","tv","3","5","true",
"45783","tv","3","6","true",
"45783","tv","3","7","true",
"45783","tv","3","8","true",
"45783","tv","3","9","true",
"45783","tv","3","10","true",
"45783","tv","3","11","true",
"45783","tv","3","12","true",
"45783","tv","3","13","true",
"45783","tv","3","14","true",
"45783","tv","3","15","true",
"45783","tv","3","16","true",
"45783","tv","3","17","true",
"45783","tv","3","18","true",
"45783","tv","3","19","true",
"45783","tv","3","20","true",
"45783","tv","3","21","true",
"45783","tv","3","22","true",
"45783","tv","3","23","true",
"45783","tv","3","24","true",
"45783","tv","3","25","true",
"45950","tv","1","1","true",
"45950","tv","1","2","true",
"45950","tv","1","3","true",
"45950","tv","1","4","true",
"45950","tv","1","5","true",
"45950","tv","1","6","true",
"45950","tv","1","7","true",
"45950","tv","1","8","true",
"45950","tv","1","9","true",
"45950","tv","1","10","true",
"45950","tv","1","11","true",
"45950","tv","1","12","true",
"45997","tv","1","1","true",
"45997","tv","1","2","true",
"45997","tv","1","3","true",
"45997","tv","1","4","true",
"45997","tv","1","5","true",
"45997","tv","1","6","true",
"45997","tv","1","7","true",
"45997","tv","1","8","true",
"45997","tv","1","9","true",
"45997","tv","1","10","true",
"45997","tv","1","11","true",
"45997","tv","1","12","true",
"45997","tv","1","13","true",
"45998","tv","1","1","true",
"45998","tv","1","2","true",
"45998","tv","1","3","true",
"45998","tv","1","4","true",
"46260","tv","1","1","true",
"46260","tv","1","2","true",
"46260","tv","1","3","true",
"46260","tv","1","4","true",
"46260","tv","1","5","true",
"46260","tv","1","6","true",
"46260","tv","1","7","true",
"46260","tv","1","8","true",
"46260","tv","1","9","true",
"46260","tv","1","10","true",
"46260","tv","1","11","true",
"46260","tv","1","12","true",
"46260","tv","1","13","true",
"46260","tv","1","14","true",
"46260","tv","1","15","true",
"46260","tv","1","16","true",
"46260","tv","1","17","true",
"46260","tv","1","18","true",
"46260","tv","1","19","true",
"46260","tv","1","20","true",
"46260","tv","1","21","true",
"46260","tv","1","22","true",
"46260","tv","1","23","true",
"46260","tv","1","24","true",
"46260","tv","1","25","true",
"46260","tv","1","26","true",
"46260","tv","1","27","true",
"46260","tv","1","28","true",
"46260","tv","1","29","true",
"46260","tv","1","30","true",
"46260","tv","1","31","true",
"46260","tv","1","32","true",
"46260","tv","1","33","true",
"46260","tv","1","34","true",
"46260","tv","1","35","true",
"46260","tv","1","36","true",
"46260","tv","1","37","true",
"46260","tv","1","38","true",
"46260","tv","1","39","true",
"46260","tv","1","40","true",
"46260","tv","1","41","true",
"46260","tv","1","42","true",
"46260","tv","1","43","true",
"46260","tv","1","44","true",
"46260","tv","1","45","true",
"46260","tv","1","46","true",
"46260","tv","1","47","true",
"46260","tv","1","48","true",
"46260","tv","1","49","true",
"46260","tv","1","50","true",
"46260","tv","1","51","true",
"46260","tv","1","52","true",
"46260","tv","2","53","true",
"46260","tv","2","54","true",
"46260","tv","2","55","true",
"46260","tv","2","56","true",
"46260","tv","2","57","true",
"46260","tv","2","58","true",
"46260","tv","2","59","true",
"46260","tv","2","60","true",
"46260","tv","2","61","true",
"46260","tv","2","62","true",
"46260","tv","2","63","true",
"46260","tv","2","64","true",
"46260","tv","2","65","true",
"46260","tv","2","66","true",
"46260","tv","2","67","true",
"46260","tv","2","68","true",
"46260","tv","2","69","true",
"46260","tv","2","70","true",
"46260","tv","2","71","true",
"46260","tv","2","72","true",
"46260","tv","2","73","true",
"46260","tv","2","74","true",
"46260","tv","2","75","true",
"46260","tv","2","76","true",
"46260","tv","2","77","true",
"46260","tv","2","78","true",
"46260","tv","2","79","true",
"46260","tv","2","80","true",
"46260","tv","2","81","true",
"46260","tv","2","82","true",
"46260","tv","2","83","true",
"46260","tv","2","84","true",
"46260","tv","2","85","true",
"46260","tv","2","86","true",
"46260","tv","2","87","true",
"46260","tv","2","88","true",
"46260","tv","2","89","true",
"46260","tv","2","90","true",
"46260","tv","2","91","true",
"46260","tv","2","92","true",
"46260","tv","2","93","true",
"46260","tv","2","94","true",
"46260","tv","2","95","true",
"46260","tv","2","96","true",
"46260","tv","2","97","true",
"46260","tv","2","98","true",
"46260","tv","2","99","true",
"46260","tv","2","100","true",
"46260","tv","2","101","true",
"46260","tv","2","102","true",
"46260","tv","2","103","true",
"46260","tv","2","104","true",
"46260","tv","3","105","true",
"46260","tv","3","106","true",
"46260","tv","3","107","true",
"46260","tv","3","108","true",
"46260","tv","3","109","true",
"46260","tv","3","110","true",
"46260","tv","3","111","true",
"46260","tv","3","112","true",
"46260","tv","3","113","true",
"46260","tv","3","114","true",
"46260","tv","3","115","true",
"46260","tv","3","116","true",
"46260","tv","3","117","true",
"46260","tv","3","118","true",
"46260","tv","3","119","true",
"46260","tv","3","120","true",
"46260","tv","3","121","true",
"46260","tv","3","122","true",
"46260","tv","3","123","true",
"46260","tv","3","124","true",
"46260","tv","3","125","true",
"46260","tv","3","126","true",
"46260","tv","3","127","true",
"46260","tv","3","128","true",
"46260","tv","3","129","true",
"46260","tv","3","130","true",
"46260","tv","3","131","true",
"46260","tv","3","132","true",
"46260","tv","3","133","true",
"46260","tv","3","134","true",
"46260","tv","3","135","true",
"46260","tv","3","136","true",
"46260","tv","3","137","true",
"46260","tv","3","138","true",
"46260","tv","3","139","true",
"46260","tv","3","140","true",
"46260","tv","3","141","true",
"46260","tv","3","142","true",
"46260","tv","3","143","true",
"46260","tv","3","144","true",
"46260","tv","3","145","true",
"46260","tv","3","146","true",
"46260","tv","3","147","true",
"46260","tv","3","148","true",
"46260","tv","3","149","true",
"46260","tv","3","150","true",
"46260","tv","3","151","true",
"46260","tv","3","152","true",
"46260","tv","3","153","true",
"46260","tv","3","154","true",
"46260","tv","3","155","true",
"46260","tv","3","156","true",
"46260","tv","3","157","true",
"46260","tv","3","158","true",
"46260","tv","4","159","true",
"46260","tv","4","160","true",
"46260","tv","4","161","true",
"46260","tv","4","162","true",
"46260","tv","4","163","true",
"46260","tv","4","164","true",
"46260","tv","4","165","true",
"46260","tv","4","166","true",
"46260","tv","4","167","true",
"46260","tv","4","168","true",
"46260","tv","4","169","true",
"46260","tv","4","170","true",
"46260","tv","4","171","true",
"46260","tv","4","172","true",
"46260","tv","4","173","true",
"46260","tv","4","174","true",
"46260","tv","4","175","true",
"46260","tv","4","176","true",
"46260","tv","4","177","true",
"46260","tv","4","178","true",
"46260","tv","4","179","true",
"46260","tv","4","180","true",
"46260","tv","4","181","true",
"46260","tv","4","182","true",
"46260","tv","4","183","true",
"46260","tv","4","184","true",
"46260","tv","4","185","true",
"46260","tv","4","186","true",
"46260","tv","4","187","true",
"46260","tv","4","188","true",
"46260","tv","4","189","true",
"46260","tv","4","190","true",
"46260","tv","4","191","true",
"46260","tv","4","192","true",
"46260","tv","4","193","true",
"46260","tv","4","194","true",
"46260","tv","4","195","true",
"46260","tv","4","196","true",
"46260","tv","4","197","true",
"46260","tv","4","198","true",
"46260","tv","4","199","true",
"46260","tv","4","200","true",
"46260","tv","4","201","true",
"46260","tv","4","202","true",
"46260","tv","4","203","true",
"46260","tv","4","204","true",
"46260","tv","4","205","true",
"46260","tv","4","206","true",
"46260","tv","4","207","true",
"46260","tv","4","208","true",
"46260","tv","4","209","true",
"46260","tv","4","210","true",
"46260","tv","4","211","true",
"46260","tv","4","212","true",
"46260","tv","4","213","true",
"46260","tv","4","214","true",
"46260","tv","4","215","true",
"46260","tv","4","216","true",
"46260","tv","4","217","true",
"46260","tv","4","218","true",
"46260","tv","4","219","true",
"46260","tv","4","220","true",
"46298","tv","1","1","true",
"46298","tv","1","2","true",
"46298","tv","1","3","true",
"46298","tv","1","4","true",
"46298","tv","1","5","true",
"46298","tv","1","6","true",
"46298","tv","1","7","true",
"46298","tv","1","8","true",
"46298","tv","1","9","true",
"46298","tv","1","10","true",
"46298","tv","1","11","true",
"46298","tv","1","12","true",
"46298","tv","1","13","true",
"46298","tv","1","14","true",
"46298","tv","1","15","true",
"46298","tv","1","16","true",
"46298","tv","1","17","true",
"46298","tv","1","18","true",
"46298","tv","1","19","true",
"46298","tv","1","20","true",
"46298","tv","1","21","true",
"46298","tv","1","22","true",
"46298","tv","1","23","true",
"46298","tv","1","24","true",
"46298","tv","1","25","true",
"46298","tv","1","26","true",
"46298","tv","1","27","true",
"46298","tv","1","28","true",
"46298","tv","1","29","true",
"46298","tv","1","30","true",
"46298","tv","1","31","true",
"46298","tv","1","32","true",
"46671","tv","1","1","true",
"46671","tv","1","2","true",
"46671","tv","1","3","true",
"46671","tv","1","4","true",
"46671","tv","1","5","true",
"46671","tv","1","6","true",
"46671","tv","1","7","true",
"46671","tv","1","8","true",
"46671","tv","1","9","true",
"46671","tv","1","10","true",
"46671","tv","1","11","true",
"46671","tv","1","12","true",
"46671","tv","1","13","true",
"46671","tv","1","14","true",
"46671","tv","1","15","true",
"46671","tv","1","16","true",
"46671","tv","1","17","true",
"46671","tv","1","18","true",
"46671","tv","1","19","true",
"46671","tv","1","20","true",
"46671","tv","1","21","true",
"46671","tv","1","22","true",
"46671","tv","1","23","true",
"46671","tv","1","24","true",
"46671","tv","1","25","true",
"46671","tv","1","26","true",
"56998","tv","1","1","true",
"56998","tv","1","2","true",
"56998","tv","1","3","true",
"56998","tv","1","4","true",
"56998","tv","1","5","true",
"56998","tv","1","6","true",
"56998","tv","1","7","true",
"56998","tv","1","8","true",
"56998","tv","1","9","true",
"56998","tv","1","10","true",
"56998","tv","1","11","true",
"56998","tv","1","12","true",
"60625","tv","1","1","true",
"60625","tv","1","2","true",
"60625","tv","1","3","true",
"60625","tv","1","4","true",
"60625","tv","1","5","true",
"60625","tv","1","6","true",
"60625","tv","1","7","true",
"60625","tv","1","8","true",
"60625","tv","1","9","true",
"60625","tv","1","10","true",
"60625","tv","1","11","true",
"60625","tv","2","1","true",
"60625","tv","2","2","true",
"60625","tv","2","3","true",
"60625","tv","2","4","true",
"60625","tv","2","5","true",
"60625","tv","2","6","true",
"60625","tv","2","7","true",
"60625","tv","2","8","true",
"60625","tv","2","9","true",
"60625","tv","2","10","true",
"60625","tv","3","1","true",
"60625","tv","3","2","true",
"60625","tv","3","3","true",
"60625","tv","3","4","true",
"60625","tv","3","5","true",
"60625","tv","3","6","true",
"60625","tv","3","7","true",
"60625","tv","3","8","true",
"60625","tv","3","9","true",
"60625","tv","3","10","true",
"60625","tv","4","1","true",
"60625","tv","4","2","true",
"60625","tv","4","3","true",
"60625","tv","4","4","true",
"60625","tv","4","5","true",
"60625","tv","4","6","true",
"60625","tv","4","7","true",
"60625","tv","4","8","true",
"60625","tv","4","9","true",
"60625","tv","4","10","true",
"60625","tv","5","1","true",
"60625","tv","5","2","true",
"60625","tv","5","3","true",
"60625","tv","5","4","true",
"60625","tv","5","5","true",
"60625","tv","5","6","true",
"60625","tv","5","7","true",
"60625","tv","5","8","true",
"60625","tv","5","9","true",
"60625","tv","5","10","true",
"60625","tv","6","1","true",
"60625","tv","6","2","true",
"60625","tv","6","3","true",
"60625","tv","6","4","true",
"60625","tv","6","5","true",
"60625","tv","6","6","true",
"60625","tv","6","7","true",
"60625","tv","6","8","true",
"60625","tv","6","9","true",
"60625","tv","6","10","true",
"60735","tv","1","1","true",
"60735","tv","1","2","true",
"60735","tv","1","3","true",
"60735","tv","1","4","true",
"60735","tv","1","5","true",
"60735","tv","1","6","true",
"60735","tv","1","7","true",
"60735","tv","1","8","true",
"60735","tv","1","9","true",
"60735","tv","1","10","true",
"60735","tv","1","11","true",
"60735","tv","1","12","true",
"60735","tv","1","13","true",
"60735","tv","1","14","true",
"60735","tv","1","15","true",
"60735","tv","1","16","true",
"60735","tv","1","17","true",
"60735","tv","1","18","true",
"60735","tv","1","19","true",
"60735","tv","1","20","true",
"60735","tv","1","21","true",
"60735","tv","1","22","true",
"60735","tv","1","23","true",
"60735","tv","2","1","true",
"60735","tv","2","2","true",
"60735","tv","2","3","true",
"60735","tv","2","4","true",
"60735","tv","2","5","true",
"60735","tv","2","6","true",
"60735","tv","2","7","true",
"60735","tv","2","8","true",
"60735","tv","2","9","true",
"60735","tv","2","10","true",
"60735","tv","2","11","true",
"60735","tv","2","12","true",
"60735","tv","2","13","true",
"60735","tv","2","14","true",
"60735","tv","2","15","true",
"60735","tv","2","16","true",
"60735","tv","2","17","true",
"60735","tv","2","18","true",
"60735","tv","2","19","true",
"60735","tv","2","20","true",
"60735","tv","2","21","true",
"60735","tv","2","22","true",
"60735","tv","2","23","true",
"60735","tv","3","1","true",
"60735","tv","3","2","true",
"60735","tv","3","3","true",
"60735","tv","3","4","true",
"60735","tv","3","5","true",
"60735","tv","3","6","true",
"60735","tv","3","7","true",
"60735","tv","3","8","true",
"60735","tv","3","9","true",
"60735","tv","3","10","true",
"60735","tv","3","11","true",
"60735","tv","3","12","true",
"60735","tv","3","13","true",
"60735","tv","3","14","true",
"60735","tv","3","15","true",
"60735","tv","3","16","true",
"60735","tv","3","17","true",
"60735","tv","3","18","true",
"60735","tv","3","19","true",
"60735","tv","3","20","true",
"60735","tv","3","21","true",
"60735","tv","3","22","true",
"60735","tv","3","23","true",
"60863","tv","1","1","true",
"60863","tv","1","2","true",
"60863","tv","1","3","true",
"60863","tv","1","4","true",
"60863","tv","1","5","true",
"60863","tv","1","6","true",
"60863","tv","1","7","true",
"60863","tv","1","8","true",
"60863","tv","1","9","true",
"60863","tv","1","10","true",
"60863","tv","1","11","true",
"60863","tv","1","12","true",
"60863","tv","1","13","true",
"60863","tv","1","14","true",
"60863","tv","1","15","true",
"60863","tv","1","16","true",
"60863","tv","1","17","true",
"60863","tv","1","18","true",
"60863","tv","1","19","true",
"60863","tv","1","20","true",
"60863","tv","1","21","true",
"60863","tv","1","22","true",
"60863","tv","1","23","true",
"60863","tv","1","24","true",
"60863","tv","1","25","true",
"60863","tv","2","1","true",
"60863","tv","2","2","true",
"60863","tv","2","3","true",
"60863","tv","2","4","true",
"60863","tv","2","5","true",
"60863","tv","2","6","true",
"60863","tv","2","7","true",
"60863","tv","2","8","true",
"60863","tv","2","9","true",
"60863","tv","2","10","true",
"60863","tv","2","11","true",
"60863","tv","2","12","true",
"60863","tv","2","13","true",
"60863","tv","2","14","true",
"60863","tv","2","15","true",
"60863","tv","2","16","true",
"60863","tv","2","17","true",
"60863","tv","2","18","true",
"60863","tv","2","19","true",
"60863","tv","2","20","true",
"60863","tv","2","21","true",
"60863","tv","2","22","true",
"60863","tv","2","23","true",
"60863","tv","2","24","true",
"60863","tv","2","25","true",
"60863","tv","3","1","true",
"60863","tv","3","2","true",
"60863","tv","3","3","true",
"60863","tv","3","4","true",
"60863","tv","3","5","true",
"60863","tv","3","6","true",
"60863","tv","3","7","true",
"60863","tv","3","8","true",
"60863","tv","3","9","true",
"60863","tv","3","10","true",
"61374","tv","1","1","true",
"61374","tv","1","2","true",
"61374","tv","1","3","true",
"61374","tv","1","4","true",
"61374","tv","1","5","true",
"61374","tv","1","6","true",
"61374","tv","1","7","true",
"61374","tv","1","8","true",
"61374","tv","1","9","true",
"61374","tv","1","10","true",
"61374","tv","1","11","true",
"61374","tv","1","12","true",
"61374","tv","2","1","true",
"61374","tv","2","2","true",
"61374","tv","2","3","true",
"61374","tv","2","4","true",
"61374","tv","2","5","true",
"61374","tv","2","6","true",
"61374","tv","2","7","true",
"61374","tv","2","8","true",
"61374","tv","2","9","true",
"61374","tv","2","10","true",
"61374","tv","2","11","true",
"61374","tv","2","12","true",
"61459","tv","1","1","true",
"61459","tv","1","2","true",
"61459","tv","1","3","true",
"61459","tv","1","4","true",
"61459","tv","1","5","true",
"61459","tv","1","6","true",
"61459","tv","1","7","true",
"61459","tv","1","8","true",
"61459","tv","1","9","true",
"61459","tv","1","10","true",
"61459","tv","1","11","true",
"61459","tv","1","12","true",
"61459","tv","1","13","true",
"61459","tv","1","14","true",
"61459","tv","1","15","true",
"61459","tv","1","16","true",
"61459","tv","1","17","true",
"61459","tv","1","18","true",
"61459","tv","1","19","true",
"61459","tv","1","20","true",
"61459","tv","1","21","true",
"61459","tv","1","22","true",
"61459","tv","1","23","true",
"61459","tv","1","24","true",
"61663","tv","1","1","true",
"61663","tv","1","2","true",
"61663","tv","1","3","true",
"61663","tv","1","4","true",
"61663","tv","1","5","true",
"61663","tv","1","6","true",
"61663","tv","1","7","true",
"61663","tv","1","8","true",
"61663","tv","1","9","true",
"61663","tv","1","10","true",
"61663","tv","1","11","true",
"61663","tv","1","12","true",
"61663","tv","1","13","true",
"61663","tv","1","14","true",
"61663","tv","1","15","true",
"61663","tv","1","16","true",
"61663","tv","1","17","true",
"61663","tv","1","18","true",
"61663","tv","1","19","true",
"61663","tv","1","20","true",
"61663","tv","1","21","true",
"61663","tv","1","22","true",
"61664","tv","1","1","true",
"61664","tv","1","2","true",
"61664","tv","1","3","true",
"61664","tv","1","4","true",
"61664","tv","1","5","true",
"61664","tv","1","6","true",
"61664","tv","1","7","true",
"61664","tv","1","8","true",
"61664","tv","1","9","true",
"61664","tv","1","10","true",
"61664","tv","1","11","true",
"61664","tv","1","12","true",
"62640","tv","1","1","true",
"62640","tv","1","2","true",
"62640","tv","1","3","true",
"62640","tv","1","4","true",
"62640","tv","1","5","true",
"62640","tv","1","6","true",
"62640","tv","1","7","true",
"62640","tv","1","8","true",
"62640","tv","1","9","true",
"62640","tv","1","10","true",
"62640","tv","1","11","true",
"62640","tv","1","12","true",
"62640","tv","1","13","true",
"62640","tv","1","14","true",
"62640","tv","1","15","true",
"62640","tv","1","16","true",
"62640","tv","1","17","true",
"62640","tv","1","18","true",
"62640","tv","1","19","true",
"62640","tv","1","20","true",
"62640","tv","2","1","true",
"62640","tv","2","2","true",
"62640","tv","2","3","true",
"62640","tv","2","4","true",
"62640","tv","2","5","true",
"62640","tv","2","6","true",
"62640","tv","2","7","true",
"62640","tv","2","8","true",
"62640","tv","2","9","true",
"62640","tv","2","10","true",
"62640","tv","2","11","true",
"62640","tv","2","12","true",
"62715","tv","1","1","true",
"62715","tv","1","2","true",
"62715","tv","1","3","true",
"62715","tv","1","4","true",
"62715","tv","1","5","true",
"62715","tv","1","6","true",
"62715","tv","1","7","true",
"62715","tv","1","8","true",
"62715","tv","1","9","true",
"62715","tv","1","10","true",
"62715","tv","1","11","true",
"62715","tv","1","12","true",
"62715","tv","1","13","true",
"62715","tv","1","14","true",
"62715","tv","1","15","true",
"62715","tv","1","16","true",
"62715","tv","1","17","true",
"62715","tv","1","18","true",
"62715","tv","1","19","true",
"62715","tv","1","20","true",
"62715","tv","1","21","true",
"62715","tv","1","22","true",
"62715","tv","1","23","true",
"62715","tv","1","24","true",
"62715","tv","1","25","true",
"62715","tv","1","26","true",
"62715","tv","1","27","true",
"62715","tv","1","28","true",
"62715","tv","1","29","true",
"62715","tv","1","30","true",
"62715","tv","1","31","true",
"62715","tv","1","32","true",
"62715","tv","1","33","true",
"62715","tv","1","34","true",
"62715","tv","1","35","true",
"62715","tv","1","36","true",
"62715","tv","1","37","true",
"62715","tv","1","38","true",
"62715","tv","1","39","true",
"62715","tv","1","40","true",
"62715","tv","1","41","true",
"62715","tv","1","42","true",
"62715","tv","1","43","true",
"62715","tv","1","44","true",
"62715","tv","1","45","true",
"62715","tv","1","46","true",
"62715","tv","1","47","true",
"62715","tv","1","48","true",
"62715","tv","1","49","true",
"62715","tv","1","50","true",
"62715","tv","1","51","true",
"62715","tv","1","52","true",
"62715","tv","1","53","true",
"62715","tv","1","54","true",
"62715","tv","1","55","true",
"62715","tv","1","56","true",
"62715","tv","1","57","true",
"62715","tv","1","58","true",
"62715","tv","1","59","true",
"62715","tv","1","60","true",
"62715","tv","1","61","true",
"62715","tv","1","62","true",
"62715","tv","1","63","true",
"62715","tv","1","64","true",
"62715","tv","1","65","true",
"62715","tv","1","66","true",
"62715","tv","1","67","true",
"62715","tv","1","68","true",
"62715","tv","1","69","true",
"62715","tv","1","70","true",
"62715","tv","1","71","true",
"62715","tv","1","72","true",
"62715","tv","1","73","true",
"62715","tv","1","74","true",
"62715","tv","1","75","true",
"62715","tv","1","76","true",
"62715","tv","1","77","true",
"62715","tv","1","78","true",
"62715","tv","1","79","true",
"62715","tv","1","80","true",
"62715","tv","1","81","true",
"62715","tv","1","82","true",
"62715","tv","1","83","true",
"62715","tv","1","84","true",
"62715","tv","1","85","true",
"62715","tv","1","86","true",
"62715","tv","1","87","true",
"62715","tv","1","88","true",
"62715","tv","1","89","true",
"62715","tv","1","90","true",
"62715","tv","1","91","true",
"62715","tv","1","92","true",
"62715","tv","1","93","true",
"62715","tv","1","94","true",
"62715","tv","1","95","true",
"62715","tv","1","96","true",
"62715","tv","1","97","true",
"62715","tv","1","98","true",
"62715","tv","1","99","true",
"62715","tv","1","100","true",
"62715","tv","1","101","true",
"62715","tv","1","102","true",
"62715","tv","1","103","true",
"62715","tv","1","104","true",
"62715","tv","1","105","true",
"62715","tv","1","106","true",
"62715","tv","1","107","true",
"62715","tv","1","108","true",
"62715","tv","1","109","true",
"62715","tv","1","110","true",
"62715","tv","1","111","true",
"62715","tv","1","112","true",
"62715","tv","1","113","true",
"62715","tv","1","114","true",
"62715","tv","1","115","true",
"62715","tv","1","116","true",
"62715","tv","1","117","true",
"62715","tv","1","118","true",
"62715","tv","1","119","true",
"62715","tv","1","120","true",
"62715","tv","1","121","true",
"62715","tv","1","122","true",
"62715","tv","1","123","true",
"62715","tv","1","124","true",
"62715","tv","1","125","true",
"62715","tv","1","126","true",
"62715","tv","1","127","true",
"62715","tv","1","128","true",
"62715","tv","1","129","true",
"62715","tv","1","130","true",
"62715","tv","1","131","true",
"63180","tv","1","1","true",
"63180","tv","1","2","true",
"63180","tv","1","3","true",
"63180","tv","1","4","true",
"63180","tv","1","5","true",
"63180","tv","2","1","true",
"63180","tv","2","2","true",
"63180","tv","2","3","true",
"63180","tv","2","4","true",
"63180","tv","2","5","true",
"63926","tv","1","1","true",
"63926","tv","1","2","true",
"63926","tv","1","3","true",
"63926","tv","1","4","true",
"63926","tv","1","5","true",
"63926","tv","1","6","true",
"63926","tv","1","7","true",
"63926","tv","1","8","true",
"63926","tv","1","9","true",
"63926","tv","1","10","true",
"63926","tv","1","11","true",
"63926","tv","1","12","true",
"63926","tv","2","1","true",
"63926","tv","2","2","true",
"63926","tv","2","3","true",
"63926","tv","2","4","true",
"63926","tv","2","5","true",
"63926","tv","2","6","true",
"63926","tv","2","7","true",
"63926","tv","2","8","true",
"63926","tv","2","9","true",
"63926","tv","2","10","true",
"63926","tv","2","11","true",
"63926","tv","2","12","true",
"64464","tv","1","1","true",
"64464","tv","1","2","true",
"64464","tv","1","3","true",
"64464","tv","1","4","true",
"64464","tv","1","5","true",
"64464","tv","1","6","true",
"64464","tv","1","7","true",
"64464","tv","1","8","true",
"64706","tv","1","1","true",
"64706","tv","1","2","true",
"64706","tv","1","3","true",
"64706","tv","1","4","true",
"64706","tv","1","5","true",
"64706","tv","1","6","true",
"64706","tv","1","7","true",
"64706","tv","1","8","true",
"64706","tv","1","9","true",
"64706","tv","1","10","true",
"64706","tv","1","11","true",
"64706","tv","1","12","true",
"65249","tv","1","1","true",
"65249","tv","1","2","true",
"65249","tv","1","3","true",
"65249","tv","1","4","true",
"65249","tv","1","5","true",
"65249","tv","1","6","true",
"65249","tv","1","7","true",
"65249","tv","1","8","true",
"65249","tv","1","9","true",
"65249","tv","1","10","true",
"65249","tv","1","11","true",
"65249","tv","1","12","true",
"65329","tv","1","1","true",
"65329","tv","1","2","true",
"65329","tv","1","3","true",
"65329","tv","1","4","true",
"65329","tv","1","5","true",
"65329","tv","1","6","true",
"65329","tv","1","7","true",
"65329","tv","1","8","true",
"65329","tv","1","9","true",
"65329","tv","1","10","true",
"65329","tv","1","11","true",
"65329","tv","1","12","true",
"65329","tv","1","13","true",
"65329","tv","1","14","true",
"65329","tv","1","15","true",
"65329","tv","1","16","true",
"65329","tv","1","17","true",
"65329","tv","1","18","true",
"65329","tv","1","19","true",
"65329","tv","1","20","true",
"65329","tv","1","21","true",
"65329","tv","1","22","true",
"65930","tv","1","1","true",
"65930","tv","1","2","true",
"65930","tv","1","3","true",
"65930","tv","1","4","true",
"65930","tv","1","5","true",
"65930","tv","1","6","true",
"65930","tv","1","7","true",
"65930","tv","1","8","true",
"65930","tv","1","9","true",
"65930","tv","1","10","true",
"65930","tv","1","11","true",
"65930","tv","1","12","true",
"65930","tv","1","13","true",
"65930","tv","2","1","true",
"65930","tv","2","2","true",
"65930","tv","2","3","true",
"65930","tv","2","4","true",
"65930","tv","2","5","true",
"65930","tv","2","6","true",
"65930","tv","2","7","true",
"65930","tv","2","8","true",
"65930","tv","2","9","true",
"65930","tv","2","10","true",
"65930","tv","2","11","true",
"65930","tv","2","12","true",
"65930","tv","2","13","true",
"65930","tv","2","14","true",
"65930","tv","2","15","true",
"65930","tv","2","16","true",
"65930","tv","2","17","true",
"65930","tv","2","18","true",
"65930","tv","2","19","true",
"65930","tv","2","20","true",
"65930","tv","2","21","true",
"65930","tv","2","22","true",
"65930","tv","2","23","true",
"65930","tv","2","24","true",
"65930","tv","2","25","true",
"65930","tv","3","1","true",
"65930","tv","3","2","true",
"65930","tv","3","3","true",
"65930","tv","3","4","true",
"65930","tv","3","5","true",
"65930","tv","3","6","true",
"65930","tv","3","7","true",
"65930","tv","3","8","true",
"65930","tv","3","9","true",
"65930","tv","3","10","true",
"65930","tv","3","11","true",
"65930","tv","3","12","true",
"65930","tv","3","13","true",
"65930","tv","3","14","true",
"65930","tv","3","15","true",
"65930","tv","3","16","true",
"65930","tv","3","17","true",
"65930","tv","3","18","true",
"65930","tv","3","19","true",
"65930","tv","3","20","true",
"65930","tv","3","21","true",
"65930","tv","3","22","true",
"65930","tv","3","23","true",
"65930","tv","3","24","true",
"65930","tv","3","25","true",
"66732","tv","1","1","true",
"66732","tv","1","2","true",
"66732","tv","1","3","true",
"66732","tv","1","4","true",
"66732","tv","1","5","true",
"66732","tv","1","6","true",
"66732","tv","1","7","true",
"66732","tv","1","8","true",
"66732","tv","2","1","true",
"66732","tv","2","2","true",
"66732","tv","2","3","true",
"66732","tv","2","4","true",
"66732","tv","2","5","true",
"66732","tv","2","6","true",
"66732","tv","2","7","true",
"66732","tv","2","8","true",
"66732","tv","2","9","true",
"66732","tv","3","1","true",
"66732","tv","3","2","true",
"66732","tv","3","3","true",
"66732","tv","3","4","true",
"66732","tv","3","5","true",
"66732","tv","3","6","true",
"66732","tv","3","7","true",
"66732","tv","3","8","true",
"66732","tv","4","1","true",
"66732","tv","4","2","true",
"66732","tv","4","3","true",
"66732","tv","4","4","true",
"66732","tv","4","5","true",
"66732","tv","4","6","true",
"66732","tv","4","7","true",
"66732","tv","4","8","true",
"66732","tv","4","9","true",
"66788","tv","1","1","true",
"66788","tv","1","2","true",
"66788","tv","1","3","true",
"66788","tv","1","4","true",
"66788","tv","1","5","true",
"66788","tv","1","6","true",
"66788","tv","1","7","true",
"66788","tv","1","8","true",
"66788","tv","1","9","true",
"66788","tv","1","10","true",
"66788","tv","1","11","true",
"66788","tv","1","12","true",
"66788","tv","1","13","true",
"66788","tv","2","1","true",
"66788","tv","2","2","true",
"66788","tv","2","3","true",
"66788","tv","2","4","true",
"66788","tv","2","5","true",
"66788","tv","2","6","true",
"66788","tv","2","7","true",
"66788","tv","2","8","true",
"66788","tv","2","9","true",
"66788","tv","2","10","true",
"66788","tv","2","11","true",
"66788","tv","2","12","true",
"66788","tv","2","13","true",
"66788","tv","3","1","true",
"66788","tv","3","2","true",
"66788","tv","3","3","true",
"66788","tv","3","4","true",
"66788","tv","3","5","true",
"66788","tv","3","6","true",
"66788","tv","3","7","true",
"66788","tv","3","8","true",
"66788","tv","3","9","true",
"66788","tv","3","10","true",
"66788","tv","3","11","true",
"66788","tv","3","12","true",
"66788","tv","3","13","true",
"67043","tv","1","1","true",
"67043","tv","1","2","true",
"67043","tv","1","3","true",
"67043","tv","1","4","true",
"67043","tv","1","5","true",
"67043","tv","1","6","true",
"67043","tv","1","7","true",
"67043","tv","1","8","true",
"67043","tv","1","9","true",
"67043","tv","1","10","true",
"67043","tv","1","11","true",
"67043","tv","1","12","true",
"67389","tv","1","1","true",
"67389","tv","1","2","true",
"67389","tv","1","3","true",
"67389","tv","1","4","true",
"67389","tv","1","5","true",
"67389","tv","1","6","true",
"67389","tv","1","7","true",
"67389","tv","1","8","true",
"67389","tv","1","9","true",
"67389","tv","1","10","true",
"67389","tv","1","11","true",
"67389","tv","1","12","true",
"67389","tv","1","13","true",
"67389","tv","1","14","true",
"67389","tv","1","15","true",
"67389","tv","1","16","true",
"67389","tv","1","17","true",
"67389","tv","1","18","true",
"67389","tv","1","19","true",
"67389","tv","1","20","true",
"67389","tv","1","21","true",
"67389","tv","1","22","true",
"67389","tv","1","23","true",
"67389","tv","1","24","true",
"68421","tv","1","1","true",
"68421","tv","1","2","true",
"68421","tv","1","3","true",
"68421","tv","1","4","true",
"68421","tv","1","5","true",
"68421","tv","1","6","true",
"68421","tv","1","7","true",
"68421","tv","1","8","true",
"68421","tv","1","9","true",
"68421","tv","1","10","true",
"69710","tv","1","1","true",
"69710","tv","1","2","true",
"69710","tv","1","3","true",
"70523","tv","1","1","true",
"70523","tv","1","2","true",
"70523","tv","1","3","true",
"70523","tv","1","4","true",
"70523","tv","1","5","true",
"70523","tv","1","6","true",
"70523","tv","1","7","true",
"70523","tv","1","8","true",
"70523","tv","1","9","true",
"70523","tv","1","10","true",
"70523","tv","2","1","true",
"70523","tv","2","2","true",
"70523","tv","2","3","true",
"70523","tv","2","4","true",
"70523","tv","2","5","true",
"70523","tv","2","6","true",
"70523","tv","2","7","true",
"70523","tv","2","8","true",
"70523","tv","3","1","true",
"70523","tv","3","2","true",
"70523","tv","3","3","true",
"70523","tv","3","4","true",
"70523","tv","3","5","true",
"70523","tv","3","6","true",
"70523","tv","3","7","true",
"70523","tv","3","8","true",
"70880","tv","1","1","true",
"70880","tv","1","2","true",
"70880","tv","1","3","true",
"70880","tv","1","4","true",
"70880","tv","1","5","true",
"70880","tv","1","6","true",
"70880","tv","1","7","true",
"70880","tv","1","8","true",
"70880","tv","1","9","true",
"70880","tv","1","10","true",
"70880","tv","1","11","true",
"70880","tv","1","12","true",
"71446","tv","1","1","true",
"71446","tv","1","2","true",
"71446","tv","1","3","true",
"71446","tv","1","4","true",
"71446","tv","1","5","true",
"71446","tv","1","6","true",
"71446","tv","1","7","true",
"71446","tv","1","8","true",
"71446","tv","1","9","true",
"71446","tv","1","10","true",
"71446","tv","1","11","true",
"71446","tv","1","12","true",
"71446","tv","1","13","true",
"71446","tv","1","14","true",
"71446","tv","1","15","true",
"71446","tv","2","1","true",
"71446","tv","2","2","true",
"71446","tv","2","3","true",
"71446","tv","2","4","true",
"71446","tv","2","5","true",
"71446","tv","2","6","true",
"71446","tv","2","7","true",
"71446","tv","2","8","true",
"71446","tv","2","9","true",
"71446","tv","2","10","true",
"71446","tv","2","11","true",
"71446","tv","2","12","true",
"71446","tv","2","13","true",
"71446","tv","2","14","true",
"71446","tv","2","15","true",
"71446","tv","2","16","true",
"72296","tv","1","1","true",
"72296","tv","1","2","true",
"72296","tv","1","3","true",
"72296","tv","1","4","true",
"72296","tv","1","5","true",
"72296","tv","1","6","true",
"72296","tv","1","7","true",
"72296","tv","1","8","true",
"72296","tv","1","9","true",
"72296","tv","1","10","true",
"73223","tv","1","1","true",
"73223","tv","1","2","true",
"73223","tv","1","3","true",
"73223","tv","1","4","true",
"73223","tv","1","5","true",
"73223","tv","1","6","true",
"73223","tv","1","7","true",
"73223","tv","1","8","true",
"73223","tv","1","9","true",
"73223","tv","1","10","true",
"73223","tv","1","11","true",
"73223","tv","1","12","true",
"73223","tv","1","13","true",
"73223","tv","1","14","true",
"73223","tv","1","15","true",
"73223","tv","1","16","true",
"73223","tv","1","17","true",
"73223","tv","1","18","true",
"73223","tv","1","19","true",
"73223","tv","1","20","true",
"73223","tv","1","21","true",
"73223","tv","1","22","true",
"73223","tv","1","23","true",
"73223","tv","1","24","true",
"73223","tv","1","25","true",
"73223","tv","1","26","true",
"73223","tv","1","27","true",
"73223","tv","1","28","true",
"73223","tv","1","29","true",
"73223","tv","1","30","true",
"73223","tv","1","31","true",
"73223","tv","1","32","true",
"73223","tv","1","33","true",
"73223","tv","1","34","true",
"73223","tv","1","35","true",
"73223","tv","1","36","true",
"73223","tv","1","37","true",
"73223","tv","1","38","true",
"73223","tv","1","39","true",
"73223","tv","1","40","true",
"73223","tv","1","41","true",
"73223","tv","1","42","true",
"73223","tv","1","43","true",
"73223","tv","1","44","true",
"73223","tv","1","45","true",
"73223","tv","1","46","true",
"73223","tv","1","47","true",
"73223","tv","1","48","true",
"73223","tv","1","49","true",
"73223","tv","1","50","true",
"73223","tv","1","51","true",
"73223","tv","1","52","true",
"73223","tv","1","53","true",
"73223","tv","1","54","true",
"73223","tv","1","55","true",
"73223","tv","1","56","true",
"73223","tv","1","57","true",
"73223","tv","1","58","true",
"73223","tv","1","59","true",
"73223","tv","1","60","true",
"73223","tv","1","61","true",
"73223","tv","1","62","true",
"73223","tv","1","63","true",
"73223","tv","1","64","true",
"75865","tv","1","1","true",
"75986","tv","1","1","true",
"75986","tv","1","2","true",
"75986","tv","1","3","true",
"75986","tv","1","4","true",
"75986","tv","1","5","true",
"75986","tv","1","6","true",
"75986","tv","1","7","true",
"75986","tv","1","8","true",
"75986","tv","1","9","true",
"75986","tv","1","10","true",
"75986","tv","1","11","true",
"75986","tv","1","12","true",
"75986","tv","1","13","true",
"76479","tv","1","1","true",
"76479","tv","1","2","true",
"76479","tv","1","3","true",
"76479","tv","1","4","true",
"76479","tv","1","5","true",
"76479","tv","1","6","true",
"76479","tv","1","7","true",
"76479","tv","1","8","true",
"76479","tv","2","1","true",
"76479","tv","2","2","true",
"76479","tv","2","3","true",
"76479","tv","2","4","true",
"76479","tv","2","5","true",
"76479","tv","2","6","true",
"76479","tv","2","7","true",
"76479","tv","2","8","true",
"76479","tv","3","1","true",
"76479","tv","3","2","true",
"76479","tv","3","3","true",
"76479","tv","3","4","true",
"76479","tv","3","5","true",
"76479","tv","3","6","true",
"76479","tv","3","7","true",
"76479","tv","3","8","true",
"76659","tv","1","1","true",
"76659","tv","1","2","true",
"76659","tv","1","3","true",
"76659","tv","1","4","true",
"76659","tv","1","5","true",
"76659","tv","1","6","true",
"76659","tv","1","7","true",
"76659","tv","1","8","true",
"77939","tv","1","1","true",
"77939","tv","1","2","true",
"77939","tv","1","3","true",
"77939","tv","1","4","true",
"77939","tv","1","5","true",
"77939","tv","1","6","true",
"77939","tv","1","7","true",
"77939","tv","1","8","true",
"77939","tv","1","9","true",
"77939","tv","1","10","true",
"77939","tv","1","11","true",
"77939","tv","1","12","true",
"77939","tv","1","13","true",
"77939","tv","2","1","true",
"77939","tv","2","2","true",
"77939","tv","2","3","true",
"77939","tv","2","4","true",
"77939","tv","2","5","true",
"77939","tv","2","6","true",
"77939","tv","2","7","true",
"77939","tv","2","8","true",
"77939","tv","2","9","true",
"77939","tv","2","10","true",
"77939","tv","2","11","true",
"77939","tv","2","12","true",
"77939","tv","2","13","true",
"78102","tv","1","1","true",
"78102","tv","1","2","true",
"78102","tv","1","3","true",
"78102","tv","1","4","true",
"78102","tv","1","5","true",
"78102","tv","1","6","true",
"78102","tv","1","7","true",
"78102","tv","1","8","true",
"78102","tv","1","9","true",
"78102","tv","1","10","true",
"78102","tv","1","11","true",
"78102","tv","1","12","true",
"78102","tv","1","13","true",
"78102","tv","1","14","true",
"78102","tv","1","15","true",
"78102","tv","1","16","true",
"78102","tv","1","17","true",
"78102","tv","1","18","true",
"78102","tv","1","19","true",
"78102","tv","1","20","true",
"78102","tv","1","21","true",
"78102","tv","1","22","true",
"78102","tv","1","23","true",
"79141","tv","1","1","true",
"79141","tv","1","2","true",
"79141","tv","1","3","true",
"79141","tv","1","4","true",
"79141","tv","1","5","true",
"79141","tv","1","6","true",
"79141","tv","1","7","true",
"79141","tv","1","8","true",
"79141","tv","1","9","true",
"79141","tv","1","10","true",
"79141","tv","2","1","true",
"79141","tv","2","2","true",
"79141","tv","2","3","true",
"79141","tv","2","4","true",
"79141","tv","2","5","true",
"79141","tv","2","6","true",
"79141","tv","2","7","true",
"79141","tv","2","8","true",
"79141","tv","2","9","true",
"79141","tv","2","10","true",
"79141","tv","3","1","true",
"79141","tv","3","2","true",
"79141","tv","3","3","true",
"79141","tv","3","4","true",
"79141","tv","3","5","true",
"79141","tv","3","6","true",
"79141","tv","3","7","true",
"79141","tv","3","8","true",
"79141","tv","3","9","true",
"79141","tv","3","10","true",
"79166","tv","1","1","true",
"79166","tv","1","2","true",
"79166","tv","1","3","true",
"79166","tv","1","4","true",
"79166","tv","1","5","true",
"79166","tv","1","6","true",
"79166","tv","1","7","true",
"79166","tv","1","8","true",
"79166","tv","1","9","true",
"79166","tv","1","10","true",
"79166","tv","1","11","true",
"79166","tv","1","12","true",
"79352","tv","1","1","true",
"79352","tv","1","2","true",
"79352","tv","1","3","true",
"79352","tv","1","4","true",
"79352","tv","1","5","true",
"79352","tv","1","6","true",
"79352","tv","1","7","true",
"79352","tv","1","8","true",
"79696","tv","1","1","true",
"79696","tv","1","2","true",
"79696","tv","1","3","true",
"79696","tv","1","4","true",
"79696","tv","1","5","true",
"79696","tv","1","6","true",
"79696","tv","1","7","true",
"79696","tv","1","8","true",
"79696","tv","1","9","true",
"79696","tv","1","10","true",
"79696","tv","1","11","true",
"79696","tv","1","12","true",
"79696","tv","1","13","true",
"81046","tv","1","1","true",
"81046","tv","1","2","true",
"81046","tv","1","3","true",
"81046","tv","1","4","true",
"81046","tv","1","5","true",
"81046","tv","1","6","true",
"81046","tv","1","7","true",
"81046","tv","1","8","true",
"81046","tv","1","9","true",
"81046","tv","2","1","true",
"81046","tv","2","2","true",
"81046","tv","2","3","true",
"81046","tv","2","4","true",
"81046","tv","2","5","true",
"81046","tv","2","6","true",
"81046","tv","2","7","true",
"81046","tv","2","8","true",
"81046","tv","2","9","true",
"81046","tv","3","1","true",
"81046","tv","3","2","true",
"81046","tv","3","3","true",
"81046","tv","3","4","true",
"81046","tv","3","5","true",
"81046","tv","3","6","true",
"81046","tv","3","7","true",
"81046","tv","3","8","true",
"81046","tv","3","9","true",
"82696","tv","1","1","true",
"82696","tv","1","2","true",
"82696","tv","1","3","true",
"82696","tv","1","4","true",
"82696","tv","1","5","true",
"83097","tv","1","1","true",
"83097","tv","1","2","true",
"83097","tv","1","3","true",
"83097","tv","1","4","true",
"83097","tv","1","5","true",
"83097","tv","1","6","true",
"83097","tv","1","7","true",
"83097","tv","1","8","true",
"83097","tv","1","9","true",
"83097","tv","1","10","true",
"83097","tv","1","11","true",
"83097","tv","1","12","true",
"83097","tv","2","1","true",
"83097","tv","2","2","true",
"83097","tv","2","3","true",
"83097","tv","2","4","true",
"83097","tv","2","5","true",
"83097","tv","2","6","true",
"83097","tv","2","7","true",
"83097","tv","2","8","true",
"83097","tv","2","9","true",
"83097","tv","2","10","true",
"83097","tv","2","11","true",
"84105","tv","1","1","true",
"84105","tv","1","2","true",
"84105","tv","1","3","true",
"84105","tv","1","4","true",
"84105","tv","1","5","true",
"84105","tv","1","6","true",
"84105","tv","1","7","true",
"84105","tv","1","8","true",
"84105","tv","1","9","true",
"84105","tv","2","1","true",
"84105","tv","2","2","true",
"84105","tv","2","3","true",
"84105","tv","2","4","true",
"84105","tv","2","5","true",
"84105","tv","2","6","true",
"84105","tv","2","7","true",
"84105","tv","2","8","true",
"84105","tv","2","9","true",
"84105","tv","2","10","true",
"84150","tv","1","1","true",
"84150","tv","1","2","true",
"84150","tv","1","3","true",
"84150","tv","1","4","true",
"84150","tv","1","5","true",
"84454","tv","1","1","true",
"84454","tv","1","2","true",
"84454","tv","1","3","true",
"84454","tv","1","4","true",
"84454","tv","1","5","true",
"84454","tv","1","6","true",
"84454","tv","1","7","true",
"84454","tv","1","8","true",
"84454","tv","1","9","true",
"84454","tv","1","10","true",
"84454","tv","1","11","true",
"84958","tv","1","1","true",
"84958","tv","1","2","true",
"84958","tv","1","3","true",
"84958","tv","1","4","true",
"84958","tv","1","5","true",
"84958","tv","1","6","true",
"85271","tv","1","1","true",
"85271","tv","1","2","true",
"85271","tv","1","3","true",
"85271","tv","1","4","true",
"85271","tv","1","5","true",
"85271","tv","1","6","true",
"85271","tv","1","7","true",
"85271","tv","1","8","true",
"85271","tv","1","9","true",
"87030","tv","1","1","true",
"87030","tv","1","2","true",
"87030","tv","1","3","true",
"87030","tv","1","4","true",
"87030","tv","1","5","true",
"87030","tv","2","1","true",
"87030","tv","2","2","true",
"87030","tv","2","3","true",
"87030","tv","2","4","true",
"87030","tv","2","5","true",
"88396","tv","1","1","true",
"88396","tv","1","2","true",
"88396","tv","1","3","true",
"88396","tv","1","4","true",
"88396","tv","1","5","true",
"88396","tv","1","6","true",
"88803","tv","1","1","true",
"88803","tv","1","2","true",
"88803","tv","1","3","true",
"88803","tv","1","4","true",
"88803","tv","1","5","true",
"88803","tv","1","6","true",
"88803","tv","1","7","true",
"88803","tv","1","8","true",
"88803","tv","1","9","true",
"88803","tv","1","10","true",
"88803","tv","1","11","true",
"88803","tv","1","12","true",
"88803","tv","1","13","true",
"88803","tv","1","14","true",
"88803","tv","1","15","true",
"88803","tv","1","16","true",
"88803","tv","1","17","true",
"88803","tv","1","18","true",
"88803","tv","1","19","true",
"88803","tv","1","20","true",
"88803","tv","1","21","true",
"88803","tv","1","22","true",
"88803","tv","1","23","true",
"88803","tv","1","24","true",
"89113","tv","1","1","true",
"89113","tv","1","2","true",
"89113","tv","1","3","true",
"89113","tv","1","4","true",
"89113","tv","1","5","true",
"89113","tv","2","1","true",
"89113","tv","2","2","true",
"89113","tv","2","3","true",
"89113","tv","2","4","true",
"89113","tv","2","5","true",
"91363","tv","1","1","true",
"91363","tv","1","2","true",
"91363","tv","1","3","true",
"91363","tv","1","4","true",
"91363","tv","1","5","true",
"91363","tv","1","6","true",
"91363","tv","1","7","true",
"91363","tv","1","8","true",
"91363","tv","1","9","true",
"92783","tv","1","1","true",
"92783","tv","1","2","true",
"92783","tv","1","3","true",
"92783","tv","1","4","true",
"92783","tv","1","5","true",
"92783","tv","1","6","true",
"92783","tv","1","7","true",
"92783","tv","1","8","true",
"92783","tv","1","9","true",
"93352","tv","1","1","true",
"93352","tv","1","2","true",
"93352","tv","1","3","true",
"93352","tv","1","4","true",
"93352","tv","1","5","true",
"93352","tv","1","6","true",
"93352","tv","1","7","true",
"93352","tv","1","8","true",
"93352","tv","1","9","true",
"93352","tv","1","10","true",
"93352","tv","2","1","true",
"93352","tv","2","2","true",
"93352","tv","2","3","true",
"93352","tv","2","4","true",
"93352","tv","2","5","true",
"93352","tv","2","6","true",
"93352","tv","2","7","true",
"93352","tv","2","8","true",
"93352","tv","2","9","true",
"93405","tv","1","1","true",
"93405","tv","1","2","true",
"93405","tv","1","3","true",
"93405","tv","1","4","true",
"93405","tv","1","5","true",
"93405","tv","1","6","true",
"93405","tv","1","7","true",
"93405","tv","1","8","true",
"93405","tv","1","9","true",
"94605","tv","1","1","true",
"94605","tv","1","2","true",
"94605","tv","1","3","true",
"94605","tv","1","4","true",
"94605","tv","1","5","true",
"94605","tv","1","6","true",
"94605","tv","1","7","true",
"94605","tv","1","8","true",
"94605","tv","1","9","true",
"95479","tv","1","1","true",
"95479","tv","1","2","true",
"95479","tv","1","3","true",
"95479","tv","1","4","true",
"95479","tv","1","5","true",
"95479","tv","1","6","true",
"95479","tv","1","7","true",
"95479","tv","1","8","true",
"95479","tv","1","9","true",
"95479","tv","1","10","true",
"95479","tv","1","11","true",
"95479","tv","1","12","true",
"95479","tv","1","13","true",
"95479","tv","1","14","true",
"95479","tv","1","15","true",
"95479","tv","1","16","true",
"95479","tv","1","17","true",
"95479","tv","1","18","true",
"95479","tv","1","19","true",
"95479","tv","1","20","true",
"95479","tv","1","21","true",
"95479","tv","1","22","true",
"95479","tv","1","23","true",
"95479","tv","1","24","true",
"95479","tv","1","25","true",
"95479","tv","1","26","true",
"95479","tv","1","27","true",
"95479","tv","1","28","true",
"95479","tv","1","29","true",
"95557","tv","1","1","true",
"95557","tv","1","2","true",
"95557","tv","1","3","true",
"95557","tv","1","4","true",
"95557","tv","1","5","true",
"95557","tv","1","6","true",
"95557","tv","1","7","true",
"95557","tv","1","8","true",
"96421","tv","1","1","true",
"96421","tv","1","2","true",
"96421","tv","1","3","true",
"96421","tv","1","4","true",
"96421","tv","1","5","true",
"96421","tv","2","1","true",
"96421","tv","2","2","true",
"96421","tv","2","3","true",
"96421","tv","2","4","true",
"98575","tv","1","1","true",
"98575","tv","1","2","true",
"98575","tv","1","3","true",
"98575","tv","1","4","true",
"98575","tv","1","5","true",
"98575","tv","1","6","true",
"98575","tv","1","7","true",
"98575","tv","1","8","true",
"98575","tv","1","9","true",
"98575","tv","1","10","true",
"100088","tv","1","1","true",
"100088","tv","1","2","true",
"100088","tv","1","3","true",
"100088","tv","1","4","true",
"100088","tv","1","5","true",
"100088","tv","1","6","true",
"100088","tv","1","7","true",
"100088","tv","1","8","true",
"100088","tv","1","9","true",
"105248","tv","1","1","true",
"105248","tv","1","2","true",
"105248","tv","1","3","true",
"105248","tv","1","4","true",
"105248","tv","1","5","true",
"105248","tv","1","6","true",
"105248","tv","1","7","true",
"105248","tv","1","8","true",
"105248","tv","1","9","true",
"105248","tv","1","10","true",
"111188","tv","1","1","true",
"111188","tv","1","2","true",
"111188","tv","1","3","true",
"111188","tv","1","4","true",
"111188","tv","1","5","true",
"111188","tv","1","6","true",
"111188","tv","1","7","true",
"111188","tv","1","8","true",
"111188","tv","1","9","true",
"111188","tv","1","10","true",
"113367","tv","1","1","true",
"113367","tv","1","2","true",
"113367","tv","1","3","true",
"113367","tv","1","4","true",
"113367","tv","1","5","true",
"113367","tv","1","6","true",
"113367","tv","1","7","true",
"113367","tv","1","8","true",
"113367","tv","1","9","true",
"113367","tv","1","10","true",
"113367","tv","2","1","true",
"113367","tv","2","2","true",
"113367","tv","2","3","true",
"113367","tv","2","4","true",
"113367","tv","2","5","true",
"113367","tv","2","6","true",
"113367","tv","2","7","true",
"113367","tv","2","8","true",
"119051","tv","1","1","true",
"119051","tv","1","2","true",
"119051","tv","1","3","true",
"119051","tv","1","4","true",
"119051","tv","1","5","true",
"119051","tv","1","6","true",
"119051","tv","1","7","true",
"119051","tv","1","8","true",
"119279","tv","1","1","true",
"119279","tv","1","2","true",
"119279","tv","1","3","true",
"119279","tv","1","4","true",
"119279","tv","1","7","true",
"120089","tv","1","1","true",
"120089","tv","1","2","true",
"120089","tv","1","3","true",
"120089","tv","1","4","true",
"120089","tv","1","5","true",
"120089","tv","1","6","true",
"120089","tv","1","7","true",
"124411","tv","1","1","true",
"124411","tv","1","2","true",
"124411","tv","1","3","true",
"124411","tv","1","4","true",
"124411","tv","1","5","true",
"131041","tv","1","1","true",
"131041","tv","1","2","true",
"131041","tv","1","3","true",
"131041","tv","1","4","true",
"131041","tv","1","5","true",
"131041","tv","1","6","true",
"131041","tv","1","7","true",
"131041","tv","1","8","true",
"131041","tv","1","9","true",
"131041","tv","1","10","true",
"131041","tv","1","11","true",
"131041","tv","1","12","true",
"131041","tv","1","13","true",
"131041","tv","1","14","true",
"131041","tv","1","15","true",
"131041","tv","1","16","true",
"131041","tv","1","17","true",
"131041","tv","1","18","true",
"131041","tv","1","19","true",
"131041","tv","1","20","true",
"131041","tv","1","21","true",
"131041","tv","1","22","true",
"131041","tv","1","23","true",
"131041","tv","1","24","true",
"132117","tv","1","1","true",
"132117","tv","1","2","true",
"132117","tv","1","3","true",
"132117","tv","1","4","true",
"132117","tv","1","5","true",
"132117","tv","1","6","true",
"132117","tv","1","7","true",
"132117","tv","1","8","true",
"135670","tv","1","1","true",
"135670","tv","1","2","true",
"135670","tv","1","3","true",
"135670","tv","1","4","true",
"135670","tv","1","5","true",
"135670","tv","1","6","true",
"135670","tv","1","7","true",
"135670","tv","1","8","true",
"210955","tv","1","1","true",
"210955","tv","1","2","true",
"210955","tv","1","3","true",
"210955","tv","1","4","true",
"210955","tv","1","5","true",
"210955","tv","1","6","true",
"210955","tv","1","7","true",
"210955","tv","1","8","true",
"210955","tv","1","9","true",
