"TmdbId","Servie Type","Season Number","Poster Path","Notes"
"246","tv","1",,
"246","tv","2",,
"246","tv","3",,
"246","tv","4",,
"246","tv","5",,
"246","tv","6",,
"246","tv","7",,
"246","tv","8",,
"246","tv","9",,
"456","tv","1",,
"890","tv","1",,
"1396","tv","1",,
"1396","tv","2",,
"1396","tv","3",,
"1396","tv","4",,
"1396","tv","5",,
"1396","tv","6",,
"1396","tv","7",,
"1396","tv","8",,
"1396","tv","9",,
"1399","tv","1",,
"1399","tv","2",,
"1399","tv","3",,
"1399","tv","4",,
"1399","tv","5",,
"1399","tv","6",,
"1399","tv","7",,
"1399","tv","8",,
"1399","tv","9",,
"1429","tv","1",,
"1429","tv","2",,
"1429","tv","3",,
"1429","tv","4",,
"1434","tv","1",,
"1668","tv","1",,
"1668","tv","2",,
"1668","tv","3",,
"1668","tv","4",,
"1668","tv","5",,
"1668","tv","6",,
"1668","tv","7",,
"1668","tv","8",,
"1668","tv","9",,
"1668","tv","10",,
"2316","tv","1",,
"2316","tv","2",,
"2316","tv","3",,
"2316","tv","4",,
"2316","tv","6",,
"4686","tv","1",,
"4686","tv","2",,
"4686","tv","3",,
"4686","tv","4",,
"12971","tv","1",,
"12971","tv","2",,
"12971","tv","3",,
"12971","tv","4",,
"12971","tv","5",,
"12971","tv","6",,
"12971","tv","7",,
"12971","tv","8",,
"12971","tv","9",,
"13916","tv","1",,
"13916","tv","2",,
"13916","tv","3",,
"13916","tv","4",,
"13916","tv","5",,
"13916","tv","6",,
"13916","tv","7",,
"13916","tv","8",,
"13916","tv","9",,
"19885","tv","1",,
"30981","tv","1",,
"30991","tv","1",,
"30991","tv","2",,
"30991","tv","3",,
"30991","tv","4",,
"30991","tv","5",,
"30991","tv","6",,
"30991","tv","7",,
"30991","tv","8",,
"30991","tv","9",,
"31910","tv","1",,
"31910","tv","2",,
"31910","tv","3",,
"31910","tv","4",,
"31910","tv","5",,
"31910","tv","6",,
"31910","tv","7",,
"31910","tv","8",,
"31911","tv","1",,
"31911","tv","2",,
"31911","tv","3",,
"31911","tv","4",,
"31911","tv","5",,
"31911","tv","6",,
"31911","tv","7",,
"31911","tv","8",,
"31911","tv","9",,
"33880","tv","1",,
"33880","tv","2",,
"33880","tv","3",,
"33880","tv","4",,
"33880","tv","5",,
"33880","tv","6",,
"33880","tv","7",,
"33880","tv","8",,
"33880","tv","9",,
"40424","tv","1",,
"40424","tv","2",,
"40424","tv","3",,
"42509","tv","1",,
"42589","tv","1",,
"42589","tv","2",,
"42589","tv","3",,
"42589","tv","4",,
"42589","tv","5",,
"42589","tv","6",,
"42589","tv","7",,
"42589","tv","8",,
"42589","tv","9",,
"42589","tv","10",,
"42589","tv","11",,
"42589","tv","12",,
"42589","tv","13",,
"42589","tv","14",,
"42589","tv","15",,
"42589","tv","16",,
"42589","tv","17",,
"42589","tv","18",,
"42589","tv","19",,
"42589","tv","20",,
"42589","tv","21",,
"42589","tv","22",,
"42589","tv","23",,
"42589","tv","24",,
"42589","tv","25",,
"42589","tv","26",,
"42589","tv","27",,
"42589","tv","28",,
"42589","tv","29",,
"42589","tv","30",,
"42589","tv","31",,
"42589","tv","32",,
"42589","tv","33",,
"42589","tv","34",,
"42589","tv","35",,
"42705","tv","1",,
"42705","tv","2",,
"43865","tv","1",,
"43865","tv","2",,
"45783","tv","1",,
"45783","tv","2",,
"45783","tv","3",,
"45783","tv","4",,
"45783","tv","5",,
"45783","tv","6",,
"45783","tv","7",,
"45783","tv","8",,
"45783","tv","9",,
"45783","tv","10",,
"45783","tv","11",,
"45783","tv","12",,
"45783","tv","13",,
"45783","tv","14",,
"45783","tv","15",,
"45783","tv","16",,
"45783","tv","17",,
"45783","tv","18",,
"45783","tv","19",,
"45783","tv","20",,
"45950","tv","1",,
"45997","tv","1",,
"45998","tv","1",,
"46260","tv","1",,
"46260","tv","2",,
"46260","tv","3",,
"46260","tv","4",,
"46260","tv","5",,
"46260","tv","6",,
"46260","tv","7",,
"46260","tv","8",,
"46260","tv","9",,
"46298","tv","1",,
"46671","tv","1",,
"46671","tv","2",,
"46671","tv","3",,
"46671","tv","4",,
"46671","tv","5",,
"46671","tv","6",,
"46671","tv","7",,
"46671","tv","8",,
"46671","tv","9",,
"46671","tv","10",,
"46671","tv","11",,
"46671","tv","12",,
"46671","tv","13",,
"46671","tv","14",,
"46671","tv","15",,
"46671","tv","16",,
"46671","tv","17",,
"46671","tv","18",,
"46671","tv","19",,
"46671","tv","20",,
"46671","tv","21",,
"46671","tv","22",,
"46671","tv","23",,
"46671","tv","24",,
"46671","tv","25",,
"46671","tv","26",,
"46671","tv","27",,
"46671","tv","28",,
"46671","tv","29",,
"46671","tv","30",,
"46671","tv","31",,
"46671","tv","32",,
"46671","tv","33",,
"46671","tv","34",,
"46671","tv","35",,
"56998","tv","1",,
"60625","tv","1",,
"60625","tv","2",,
"60625","tv","3",,
"60625","tv","4",,
"60625","tv","5",,
"60625","tv","6",,
"60735","tv","1",,
"60735","tv","2",,
"60735","tv","3",,
"60863","tv","1",,
"60863","tv","2",,
"60863","tv","3",,
"61374","tv","1",,
"61374","tv","2",,
"61459","tv","1",,
"61459","tv","2",,
"61459","tv","3",,
"61459","tv","4",,
"61459","tv","5",,
"61459","tv","6",,
"61459","tv","7",,
"61459","tv","8",,
"61459","tv","9",,
"61459","tv","10",,
"61459","tv","11",,
"61459","tv","12",,
"61459","tv","13",,
"61459","tv","14",,
"61459","tv","15",,
"61459","tv","16",,
"61459","tv","17",,
"61459","tv","18",,
"61459","tv","19",,
"61459","tv","20",,
"61663","tv","1",,
"61664","tv","1",,
"62640","tv","1",,
"62640","tv","2",,
"62640","tv","3",,
"62640","tv","4",,
"62640","tv","5",,
"62640","tv","6",,
"62640","tv","7",,
"62640","tv","8",,
"62640","tv","9",,
"62640","tv","10",,
"62640","tv","11",,
"62640","tv","12",,
"62640","tv","13",,
"62640","tv","14",,
"62640","tv","15",,
"62640","tv","16",,
"62640","tv","17",,
"62640","tv","18",,
"62640","tv","19",,
"62640","tv","20",,
"62715","tv","1",,
"62715","tv","2",,
"62715","tv","3",,
"62715","tv","4",,
"62715","tv","5",,
"62715","tv","6",,
"62715","tv","7",,
"62715","tv","8",,
"62715","tv","9",,
"62715","tv","10",,
"62715","tv","11",,
"62715","tv","12",,
"62715","tv","13",,
"62715","tv","14",,
"62715","tv","15",,
"62715","tv","16",,
"62715","tv","17",,
"62715","tv","18",,
"62715","tv","19",,
"62715","tv","20",,
"63180","tv","1",,
"63180","tv","2",,
"63180","tv","3",,
"63180","tv","4",,
"63180","tv","5",,
"63180","tv","6",,
"63180","tv","7",,
"63180","tv","8",,
"63180","tv","9",,
"63926","tv","1",,
"63926","tv","2",,
"63926","tv","3",,
"63926","tv","4",,
"63926","tv","5",,
"63926","tv","6",,
"63926","tv","7",,
"63926","tv","8",,
"63926","tv","9",,
"63926","tv","10",,
"63926","tv","11",,
"63926","tv","12",,
"63926","tv","13",,
"63926","tv","14",,
"63926","tv","15",,
"63926","tv","16",,
"63926","tv","17",,
"63926","tv","18",,
"63926","tv","19",,
"63926","tv","20",,
"64464","tv","1",,
"64706","tv","1",,
"65249","tv","1",,
"65249","tv","2",,
"65249","tv","3",,
"65249","tv","4",,
"65249","tv","5",,
"65249","tv","6",,
"65249","tv","7",,
"65249","tv","8",,
"65249","tv","9",,
"65249","tv","10",,
"65249","tv","11",,
"65249","tv","12",,
"65249","tv","13",,
"65249","tv","14",,
"65249","tv","15",,
"65249","tv","16",,
"65249","tv","17",,
"65249","tv","18",,
"65249","tv","19",,
"65249","tv","20",,
"65249","tv","21",,
"65249","tv","22",,
"65249","tv","23",,
"65249","tv","24",,
"65249","tv","25",,
"65249","tv","26",,
"65249","tv","27",,
"65249","tv","28",,
"65249","tv","29",,
"65249","tv","30",,
"65249","tv","31",,
"65249","tv","32",,
"65249","tv","33",,
"65249","tv","34",,
"65249","tv","35",,
"65329","tv","1",,
"65930","tv","1",,
"65930","tv","2",,
"65930","tv","3",,
"66732","tv","1",,
"66732","tv","2",,
"66732","tv","3",,
"66732","tv","4",,
"66788","tv","1",,
"66788","tv","2",,
"66788","tv","3",,
"67043","tv","1",,
"67043","tv","2",,
"67043","tv","3",,
"67043","tv","4",,
"67043","tv","5",,
"67043","tv","6",,
"67043","tv","7",,
"67043","tv","8",,
"67043","tv","9",,
"67043","tv","10",,
"67043","tv","11",,
"67043","tv","12",,
"67043","tv","13",,
"67043","tv","14",,
"67043","tv","15",,
"67043","tv","16",,
"67043","tv","17",,
"67043","tv","18",,
"67043","tv","19",,
"67043","tv","20",,
"67043","tv","21",,
"67043","tv","22",,
"67043","tv","23",,
"67043","tv","24",,
"67043","tv","25",,
"67043","tv","26",,
"67043","tv","27",,
"67043","tv","28",,
"67043","tv","29",,
"67043","tv","30",,
"67043","tv","31",,
"67043","tv","32",,
"67043","tv","33",,
"67043","tv","34",,
"67043","tv","35",,
"67389","tv","1",,
"67389","tv","2",,
"67389","tv","3",,
"67389","tv","4",,
"67389","tv","5",,
"67389","tv","6",,
"67389","tv","7",,
"67389","tv","8",,
"67389","tv","9",,
"67389","tv","10",,
"67389","tv","11",,
"67389","tv","12",,
"67389","tv","13",,
"67389","tv","14",,
"67389","tv","15",,
"67389","tv","16",,
"67389","tv","17",,
"67389","tv","18",,
"67389","tv","19",,
"67389","tv","20",,
"67389","tv","21",,
"67389","tv","22",,
"67389","tv","23",,
"67389","tv","24",,
"67389","tv","25",,
"67389","tv","26",,
"67389","tv","27",,
"67389","tv","28",,
"67389","tv","29",,
"67389","tv","30",,
"67389","tv","31",,
"67389","tv","32",,
"67389","tv","33",,
"67389","tv","34",,
"67389","tv","35",,
"68421","tv","1",,
"69710","tv","1",,
"70523","tv","1",,
"70523","tv","2",,
"70523","tv","3",,
"70523","tv","4",,
"70880","tv","1",,
"70880","tv","2",,
"70880","tv","3",,
"70880","tv","4",,
"70880","tv","5",,
"70880","tv","6",,
"70880","tv","7",,
"70880","tv","8",,
"70880","tv","9",,
"70880","tv","10",,
"70880","tv","11",,
"70880","tv","12",,
"70880","tv","13",,
"70880","tv","14",,
"70880","tv","15",,
"70880","tv","16",,
"70880","tv","17",,
"70880","tv","18",,
"70880","tv","19",,
"70880","tv","20",,
"70880","tv","21",,
"70880","tv","22",,
"70880","tv","23",,
"70880","tv","24",,
"70880","tv","25",,
"70880","tv","26",,
"70880","tv","27",,
"70880","tv","28",,
"70880","tv","29",,
"70880","tv","30",,
"70880","tv","31",,
"70880","tv","32",,
"70880","tv","33",,
"70880","tv","34",,
"70880","tv","35",,
"71446","tv","1",,
"71446","tv","2",,
"72296","tv","1",,
"73223","tv","1",,
"75865","tv","1",,
"75986","tv","1",,
"76479","tv","1",,
"76479","tv","2",,
"76479","tv","3",,
"76659","tv","1",,
"77939","tv","1",,
"77939","tv","2",,
"77939","tv","3",,
"77939","tv","4",,
"77939","tv","5",,
"77939","tv","6",,
"77939","tv","7",,
"77939","tv","8",,
"77939","tv","9",,
"78102","tv","1",,
"79141","tv","1",,
"79141","tv","2",,
"79141","tv","3",,
"79166","tv","1",,
"79352","tv","1",,
"79696","tv","1",,
"81046","tv","1",,
"81046","tv","2",,
"81046","tv","3",,
"82696","tv","1",,
"83097","tv","1",,
"83097","tv","2",,
"83097","tv","3",,
"83097","tv","4",,
"83097","tv","5",,
"83097","tv","6",,
"83097","tv","7",,
"83097","tv","8",,
"83097","tv","9",,
"83097","tv","10",,
"83097","tv","11",,
"83097","tv","12",,
"83097","tv","13",,
"83097","tv","14",,
"83097","tv","15",,
"83097","tv","16",,
"83097","tv","17",,
"83097","tv","18",,
"83097","tv","19",,
"83097","tv","20",,
"84105","tv","1",,
"84105","tv","2",,
"84105","tv","3",,
"84105","tv","4",,
"84105","tv","5",,
"84105","tv","6",,
"84105","tv","7",,
"84105","tv","8",,
"84105","tv","9",,
"84150","tv","1",,
"84454","tv","1",,
"84958","tv","1",,
"85271","tv","1",,
"85271","tv","2",,
"85271","tv","3",,
"85271","tv","4",,
"85271","tv","5",,
"85271","tv","6",,
"85271","tv","7",,
"85271","tv","8",,
"85271","tv","9",,
"87030","tv","1",,
"87030","tv","2",,
"87030","tv","3",,
"87030","tv","4",,
"87030","tv","5",,
"87030","tv","6",,
"87030","tv","7",,
"87030","tv","8",,
"87030","tv","9",,
"88396","tv","1",,
"88396","tv","2",,
"88396","tv","3",,
"88396","tv","4",,
"88396","tv","5",,
"88396","tv","6",,
"88396","tv","7",,
"88396","tv","8",,
"88396","tv","9",,
"88803","tv","1",,
"89113","tv","1",,
"89113","tv","2",,
"89113","tv","3",,
"89113","tv","4",,
"89113","tv","5",,
"89113","tv","6",,
"89113","tv","7",,
"89113","tv","8",,
"89113","tv","9",,
"91363","tv","1",,
"91363","tv","2",,
"91363","tv","3",,
"91363","tv","4",,
"91363","tv","5",,
"91363","tv","6",,
"91363","tv","7",,
"91363","tv","8",,
"91363","tv","9",,
"91363","tv","10",,
"91363","tv","11",,
"91363","tv","12",,
"91363","tv","13",,
"91363","tv","14",,
"91363","tv","15",,
"91363","tv","16",,
"91363","tv","17",,
"91363","tv","18",,
"91363","tv","19",,
"91363","tv","20",,
"92783","tv","1",,
"93352","tv","1",,
"93352","tv","2",,
"93352","tv","3",,
"93352","tv","4",,
"93352","tv","5",,
"93352","tv","6",,
"93352","tv","7",,
"93352","tv","8",,
"93352","tv","9",,
"93405","tv","1",,
"93405","tv","2",,
"93405","tv","3",,
"93405","tv","4",,
"93405","tv","5",,
"93405","tv","6",,
"93405","tv","7",,
"93405","tv","8",,
"93405","tv","9",,
"94605","tv","1",,
"95479","tv","1",,
"95557","tv","1",,
"96421","tv","1",,
"96421","tv","2",,
"98575","tv","1",,
"100088","tv","1",,
"105248","tv","1",,
"105248","tv","2",,
"105248","tv","3",,
"105248","tv","4",,
"105248","tv","5",,
"105248","tv","6",,
"105248","tv","7",,
"105248","tv","8",,
"105248","tv","9",,
"111188","tv","1",,
"113367","tv","1",,
"113367","tv","2",,
"113367","tv","3",,
"113367","tv","4",,
"113367","tv","5",,
"113367","tv","6",,
"113367","tv","7",,
"113367","tv","8",,
"113367","tv","9",,
"119051","tv","1",,
"119279","tv","1",,
"120089","tv","1",,
"124411","tv","1",,
"131041","tv","1",,
"132117","tv","1",,
"132117","tv","2",,
"132117","tv","3",,
"132117","tv","4",,
"132117","tv","5",,
"132117","tv","6",,
"132117","tv","7",,
"132117","tv","8",,
"132117","tv","9",,
"135670","tv","1",,
"210955","tv","1",,
"210955","tv","2",,
"210955","tv","3",,
"210955","tv","4",,
"210955","tv","5",,
"210955","tv","6",,
"210955","tv","7",,
"210955","tv","8",,
"210955","tv","9",,
